Sentence,Informal_20
"Say , Jim , how about going for a few beers after dinner ? ",Jim wishes you all a great dinner - any beer please?
 You know that is tempting but is really not good for our fitness . ,"You all know how it sounds fun, you know it's real healthy."
 What do you mean ? It will help us to relax . ,Would you bare me?
 Do you really think so ? I don't . It will just make us fat and act silly . Remember last time ? ,"Dong woo boobs! Don't you worry? We won'' 'T's will melt your mind. Laughter is the best medicine - if we're not careful'""we fatten up..."" Do you really think we are fat? Don & act stupid... Sure enough, we don'T GET THIS EVEN WHICH HUGS FEEL THAT WONT"
 I guess you are right.But what shall we do ? I don't feel like sitting at home . ,You were right in predicting everything.
 I suggest a walk over to the gym where we can play singsong and meet some of our friends . ,Would anyone want us both to walk up to the gym and play sing-alongs and meet some of our friends?
 That's a good idea . I hear Mary and Sally often go there to play pingpong.Perhaps we can make a foursome with them . ,You sound great. Mary & Sally play ping pong in that place and I hear you about. We could make a foursome and all four together.
" Sounds great to me ! If they are willing , we could ask them to go dancing with us.That is excellent exercise and fun , too . ",Sounds amazing!??.....???????  What pranks he could have danced with us?!!!!!!!!!! THOSE ARE GREAT for BOOM BEATNESS AND FUN!
 Good.Let ' s go now . ,You rock.Let everyone go.
 All right . ,Alone!
Can you do push-ups ? ,Push-ups!
" Of course I can . It's a piece of cake ! Believe it or not , I can do 30 push-ups a minute . ",You GUNS - I train 30 push-ups every minute.
 Really ? I think that's impossible ! ,Dong wooon me! I can't believe you can!
 You mean 30 push-ups ? ,"You utter 30 push-ups, are you listening?"
 Yeah ! ,"Would you rat me up a lot if you hear ""yes""?"
" It's easy . If you do exercise everyday , you can make it , too . ","You won TM all day. - Every day you eat, you can make it!"
Can you study with the radio on ? ,Music on?
" No , I listen to background music . ","Music plays a role - background music 'No, no."
 What is the difference ? ,Grail you!
 The radio has too many comerials . ,Radio plays too many comics.
" That's true , but then you have to buy a record player . ",You won easily.
Are you all right ? ,Dong suprise - you guys are fine now?
 I will be all right soon . I was terrified when I watched them fall from the wire . ,"Fearless.. I am a man on earth, I will be all right soon.’ Watch them fall from the sky."
 Don't worry.He is an acrobat 。 ,Don  EZ easy!
 I see . ,You.
"Hey John , nice skates . Are they new ? ",Sean! You sound great john! Are these new skates new?
" Yeah , I just got them . I started playing ice hockey in a community league . So , I finally got myself new skates . ",Hey everyone... the best skates ever.’ I’m in ice hockey on a community league so I decided to get some skateboards.
 What position do you play ? ,Would anyone like me to chat with you?
 I ’ m a defender . It ’ s a lot of fun . You don ’ t have to be able to skate as fast on defense . ,"Playing defense helps me feel good. Thankfully, you don't have to be quick to skate on defense."
" Yeah , you ’ re a pretty big guy . I play goalie , myself . ",You sound pretty big guys.’ I play goalie.
" Oh , yeah ? Which team ? ",U OOOO! YEAH!!!!!!!!!!!!!! HELP!!!!!! DIE HUBO HOLLAND ROAD TOTAL HAWKWY WHICH INSIDE THE FLYING HOUSE?
 The Rockets . ,Rockets band.
" Really ? I think we play you guys next week . Well , I have to go to practice . See you later . ","Hey everyone catching up on us tomorrow. :D I think we're playing you guys next week, I have to go rehearse - hopefully I'll see you back a few days )."
" All right , see you later . ",You won!.?
"Hey Lydia , what are you reading ? ",Lydia can share anything with you.
" I ’ m looking at my horoscope for this month ! My outlook is very positive . It says that I should take a vacation to someplace exotic , and that I will have a passionate summer fling ! ",All hailing me! My horoscope today is positive! I have a great opportunity this month to travel abroad and have my first real summer fling soon!
 What are you talking about ? Let me see that ... What are horoscopes ? ,Would you bare me in your horoscope?
" It ’ s a prediction of your month , based on your zodiac sign . You have a different sign for the month and date you were born in . I was born on April 15th , so I ’ m an Aries . When were you born ? ","You landed exactly on 15th April 2019, based on Sun Sign prediction. You are born on 14th March and have a zodiac sign (Aries). Can you guess your date of birth?"
 January 5th . ,You.
" Let ’ s see . . . you ’ re a Capricorn . It says that you will be feeling stress at work , but you could see new , exciting developments in your love life . Looks like we ’ ll both have interesting summers ! ",Love you guys!! You're a Capricorn too! It's true! Work pressure is expected! But you can still enjoy life!
" That ’ s bogus . I don't feel any stress at work , and my love life is practically nonexistent . This zodiac stuff is all a bunch of nonsense . ","Everything based genuinely sounds gimmicky. Honestly, I can't fathom why I feel this way. I don'' t even feel like I have a girlfriend - I'm pretty much stuck in limbo at work. This zodiac thing is all bogus."
" No , it ’ s not , your astrology sign can tell you a lot about your personality . See ? It says that an Aries is energetic and loves to socialize . ","You won  Exactly!! You name it based entirely off signs – astrology suggests that an Aries person is energetic, socially active, ecstatic."
" Well , you certainly match those criteria , but they ’ re so broad they could apply to anyone . What does it say about me ? ","You all share a lot of good traits outlined above, right there.. You  Exactly What! What It entails, exactly? Because you all have this great set of qualities - pretty much universally... well, let's just say it. What does it say about me besides :) ;)) And just for one thing, because you don't fall short of those qualifications – for example, I"
 A Capricorn is serious-minded and practical . She likes to do things in conventional ways . That sounds just like you ! ,You sound exactly like a Capricorn if you take her nerd seriously and play practical games. She likes to do things in recognizable ways.
"Frank ’ s getting married , do you believe this ? ","Frank won u breath EVER hears wedding, d do you cur up a couple of bucks?"
 Is he really ? ,Would everyone be correct if he says it right?
" Yes , he is . He loves the girl very much . ","Love!.... yes, he is obsessed with girl."
 Who is he marring ? ,Whos in a relationship he has rubbed shoulders with?
" A girl he met on holiday in Spain , I think . ","One girl he met on vacation in Spain, pictured, whom '."
 Have they set a date for the wedding ? ,Will everyone receive a wedding invitation by the wedding date?
 Not yet . ,Don
I hear you bought a new house in the northern suburbs . ,You landed a brand new house in the suburbs near you.
" That ’ s right , we bought it the same day we came on the market . ",You would swear right here if we were buying it on the day we hit the market.
 What kind of house is it ? ,House!!!! :) ))]])I)You)!))JustIIHN[/LN]What iINHNHNS?
 It ’ s a wonderful Spanish style . ,Fabulous sculpting... a lot.
" Oh , I love the roof tiles on Spanish style houses . ",Stunning roof tiles on Spanish style homes.
 And it ’ s a bargaining . A house like this in river side costs double the price . ,House prices up 80%. Buying a house on the river side today is incredibly expensive.
" Great , is it a two bedroom house ? ",House 2-4 people - I bought a house... with 2 bedrooms.... Is this?
" No , it has three bedrooms and three beds , and has a living room with a twelve-foot ceiling . There ’ s a two-car garage . ","Featuring three bedrooms, three beds, and a living room with ice skating rink and an attached two-car garage, this house is perfect for entertaining."
 That ’ s a nice area too . It ’ ll be a good investment for you . ,You won rap like that's a lovely place too. It’s going to burn.
" Yeas , when will you buy a house ? ","Would buying a house on Saturday, 20th or early morning hours be on your schedule?"
" Not untill the end of this year , you know , just before my wedding . ","You all know how it all sounds on ice, right before my wedding, in the final year."
" Right , congratulations . ",Congratulations!
 Thank you . ,You excel in everything.
"Hi , Becky , what's up ? ",Becky Greetings!
" Not much , except that my mother-in-law is driving me up the wall . ",Me!!!!!!!!!!!. :) NB: sadly everything is pretty funny today... mainly because of my mother-in-law...
 What's the problem ? ,Would anyone bare me tackling the same obstacle?
 She loves to nit-pick and criticizes everything that I do . I can never do anything right when she's around . ,Laughs whenever she tries to pick on me. She's someone who loves to criticize everything and I'm perfectly fine with her.
 For example ? ,One illustration pointing out...
" Well , last week I invited her over to dinner . My husband and I had no problem with the food , but if you listened to her , then it would seem like I fed her old meat and rotten vegetables . There's just nothing can please her . ","Dinner hosted 8:00pm. 6:00pm when I invited her over. She agreed that we had food for all parties, but if you listen carefully, she'll understand why I fed her old meat and rotten vegetables. There's no one there who can please her."
" No , I can't see that happening . I know you're a good cook and nothing like that would ever happen . ","You won woo all the people out there that want to see you back in business. I can't imagine anyone ever hearing that. You're a good cook, right?"
 It's not just that . She also criticizes how we raise the kids . ,"ADD ALL CLASSES!! Of course, she says it's true that raising the kids is just a part of the parenting."
" My mother-in-law used to do the same thing to us . If it wasn't disciplining them enough , then we were disciplining them too much . She also complained about the food we fed them , the schools we sent them too , and everything else under the sun . ","Mother-in-law always disciplined us based on food, school attendance, and everything else."
 You said she used to ? How did you stop her ? ,You rumbled she ate her bed. You said she used to? How did you stop her?
" We basically sat her down and told her how we felt about her constant criticizing , and how we welcomed her advice but hoped she'd let us do our things . She understood , and now everything is a lot more peaceful . ","All in hats!! Over the weekend, based KEIN - WE ALL AGREEED UP AFTER ALL THE CHECKING... UNTIL WE FINISH IT EACH ROOM NOW? LET'S GET OTHERS ON WHICH ELSE."
 That sounds like a good idea . I'll have to try that . ,Sounds awesome mateILLE!! Good one! I'llllee! Go ahead! Share the link with me!
How are Zina's new programmers working out ? ,Zina team members working together - congratulations!
" I hate to admit it , but they're good . And fast . The Filipino kid is a genius . ",Laughs!! You won't believe it's me but they're good. And they move fast. The Filipino kid is a genius.
" So you'll make the Stars.com deadline , and have us up and running next week ? ",You GUNS! You guys run Stars.com by the deadline!! And you're running next week.
" It'll be close , but we'll make it . ",Granted everything won... NLCC.... We're all going home.
" Good . After Stars.com starts paying us , we won't need Vikam's cash anymore . ",Vikam won.. Stars.com already pays us - i won’t need his cash anymore!
" And if we don't need them , we won't need Zina , either . ",Zina won 1!!
Do you like cooking ? ,Chef :) )) enjoy cooking?
 Yes . I like cooking very much . I got this hobby when I was 12 years sold . ,Cooking always catches me - I inherited a hobby I had completing 12 years ago when I sold everything and I started to enjoy it.
 Why do you like it ? ,Would anyone like me to hug you?
 I have no idea . I like cooking by myself . I like to taste delicious food . ,Cooking alone sounds amazing to me - I have no idea what I am doing but I like to cook on my own and taste delicious food.
 That's wonderful ! ,You rock!
" And I love trying new recipes , which I usually test with my friends . You can come , too . ","Friends always know me and I enjoy trying out new recipes, especially new ones. I'm open to trying new things and you can come along."
 Really ? I hope I can have a chance to taste it . Don't forget to tell me . ,Would anyone like me to sample this dish? Please share if you have any.
 Certainly . ,Bin!
Anyone home ? Jen ! ,JENSENS Anyone home!
 I'm in the kitchen ... let yourself in ! ,Kitchen gang... open!
 Wow ! You're really working up a storm ! ,WOW! You rock! :) 3. awwwwwwwwwow!!!!!!!!!!! GOOSE IT YOU UP WAY?
 I know . I've even worked up a sweat . ,Laughter always wins. I know what a workout I've done.
 You look like a cooking show host--only messier . ,"You resemble a celebrity cooking show host, albeit with messer details."
You look so tan and healthy ! ,You radiate radiance perfectly complemented by a healthy glow!
 Thanks . I just got back from summer camp . ,Glad you guys were around.. Me too!. Just home from summer camp.
 How was it ? ,Would anyone like me to photograph you?
 Great . I got to try so many things for the first time . ,Giving everything away for free made me able to experiment a lot more.
 Like what ? ,Dong wooon!
" I went sailing , fishing , and horseback riding . ",sailing together - one day filled up with fishing and horseback.
 I ’ m so jealous . ,You won MC!
 The counselors were so nice too . It was the best summer ever . Except for all those mosquitoes ! ,"Everything could have gone perfectly indoors!! Summer weather was perfect, excluding mosquito bites."
"Diana , do you like the perfume I gave you ? ","Diana! : You smelled good today, I'm wondering if you like my perfume?"
" It ’ s good . But to tell you the truth , I don ’ t wear perfume . ","Parfums sound great, don't buy me one, but trust me, I live for it."
 I ’ m sorry . I didn ’ t know that . ,"You won TM NT me., I ’ m sorry!"
 That ’ s all right . Thank you all the same . ,"Dong 5, all the best mates. Thanks a lot."
"Ah , ah , ah ... ","Ad!, wah kipp na dub."
" All right , Bill.Here ' s your daily exercise schedule . You are to jog before breakfast . ",You exemplify! OH MY SHOCKY JOGGING PRESCRIPTION JAUNCH BIRDELLOW NEXT DAY?
 Jog ? ,Jog?
" Then , you are to walk to work . ",You. walk up levy Immediately.
 Walk ? ,Walk!
 Thirty minutes in gym at lunch time . ,Fit 30 minutes gym session - lunch.
 Oh no . ,Umph o na.
" Use the stairs , never the elevator . ","Don TMune hump up the stairs, don ''board the elevator "" ""."
" Oh , dear . ",Sweet!
" And three times a week , you can either swim , play racketball , or hand ball . ","Swimming - you. play racketball, hand ball – you swim 3) 3 times a week."
 Oh no . ,Umph o na.
" OK , you can stop now.It ' s time for the dance class . ","You won  chelon!’! ‘OK, you gotta stop - you’re free.’ It’s all said and dancers are ready to go to class now."
 Dance class ! I don't know how . ,Dance class! I am unable to explain how.
 You will . ,You won.
 Oh ... ,You rock...
"Hi Bill , I saw your grandma yesterday . ","Huge bro! : Bill, I caught you on the street yesterday."
 Oh where was that ? ,Greetings everyone!
 I was running around the track at my college and there she was walking around the same track . ,"Running around campus on track at my college resulted in me being on the track, while she was walking around the same track."
 Grannie always tries to stay fit and healthy.She is always making us kids eat the proper foods . ,Grannies always works out properly to promote fitness levels. She makes sure children follow her advice and encourages us to eat properly.
" Well , it pays off for her.How old is she anyway ? ",Would anyone please pay her tuition fees if you were able to work out a well-timed girl.
 She will be 86 next month . ,Grazia won usher in life with her announcement that she will celebrate her 86th birthday next month.
 That is truly amazing ! ,WOW!
I would like to register for a class today . ,Would anyone kindly support me in signing up for a class today?
" No problem , what class would you like to take ? ","You name bf! woo you :) Tell me ;) )Twice class! I would love to go to this school even if you didn't already take it, what would be your class name in there?"
 I would very much enjoy taking a Psychology class.Because I'm crazy . ,Would anyone woo me to take a Psychology class? I'm crazy and would love to.
 There are two classes that are still open . ,"Up 224 students enrolled in class 1, leaving 202 students on campus."
 Which days are these classes on ? ,"During October  /1999, what days are these classes scheduled for?"
 The first class is a Tuesday and Thursday class from two to three . ,Class sizes begin Tuesday - Thursday.
 What about the other class ? ,Would you bare me tackling another group (class)?
 The other class is on Monday and Wednesday from 10 am - 12 . ,One class runs from 10 am - 12 pm on Monday and Wednesday.
 Are you sure there are no more open classes ? ,You GUNS UP! Are you a real person?
 I'm positive . ,Positive thinking always works.
 Sign me up for Monday and Wednesday . ,Donation Monday through Wednesday!
" Okay , I'll sign you up . ",You won!. OH MY SONS ARE ALRIGHT EACH ONE GET YOU AN SUBSCRIBE?
"Dad , why are you taping the windows ? ",Dad! OH MY DATES ARE YOU TAKING THE WINDOWS?
" Honey , a typhoon is coming . ",Thunder! Tonight!....
" Really ? Wow , I don't have to go to school tomorrow . ",Don TMor someone cool off!! Tomorrow :) You won't need to drive me home from school.
" Jenny , come and help , we need to prepare more food . ",Jenny invites you to come out and help us cook more food.
 OK . Dad ! I'm coming . ,Dad! You won!
"Hi , my name is Lean , and I'm from Russia . ",Alexa Hornberg Greetings!
" Nice to meet you , Lean . My name is Alike . I'm from Japan . ","Salute me!? HI LEAN. JEWEY WHICH I AM - Like , YOUNG..."
 To me English is a difficult language . ,Speaking English naturally presents a challenge.
 A second language is always difficult . ,One language always up there - a couple.
" True , but English is harder than most . It's a crazy language . ",You all know how easy English is compared to most languages.
 A crazy language ? Why do you say that ? ,You labelled? Why? Is this a language! Crazy...
 One letter can have several pronunciations and one word can have several meanings . ,One sound possesses all qualities.
 No wonder you say English is a crazy language . ,You would never guess English language if you were speaking English.
Can I help you ? ,Would anyone bare me?
" I hope so . I'm looking for some material for a paper I'm writing , and I'm not quite sure where to look . ",Would anyone bare me in supposing I could find me a book they're looking for - I have coding IQ and speed typing. I'm in need of some material for my paper I am composing and have to hand it off to someone?
 I'll certainly try to help you . What topic is your paper on ? ,Would anyone on earth like me and give you some support?
 My paper is on the influence of television on children . ,One theme on television's ramming on children' s schoolboys' lives goes in my current student newspaper.
 There are several possible sources you might use for that topic . I suggest you use the computer and the computer will give you a list of every scientific journal that talks about children and television . ,You.
 Thank you for you help . ,You excel in helping everyone. Thank you very much.
Here ’ s your hot dog and beer . What happened ? Did I miss anything ? ,You burger hot dog elation. 01.01.2010 – Anyone able to guess what’s happening? Miss something?
" Yeah , Cal Ripen just hit a home run . ",Cal Ripen hit a home run just after hitting the pitch.
 What ’ s the score ? ,Would anyone kindly pass me a scoresheet?
" Well it was 3 to 4 , but Ripen ’ s home run made it 5 to 4 since another player was on first base . ","Ripen hit a home run that extended the score to 5 to 4, but the game was tied 3 to 4 when someone else hit first base."
 So Baltimore is winning ? ,Baltimore winning?
 Right . ,Ad.
 This is a really great place to watch a baseball game . ,You won GOLF HERE! This spot is incredibly cool to watch a baseball game.
" Yeah , there isn ’ t a bad seat in the place . ",You won easily spot a seat in.
" The fans are great here , too . Not like in Philadelphia . ","Loved ones here! Shirts on everyone's backs, but this place is a complete riot, unlike Philadelphia."
 It was a great idea to spend a day watching a game . ,"One perfect idea rolled out yesterday, if you were able to watch a game for the entire day."
" Yeah , it reminds you why they say baseball is America ’ s favorite pastime . ",Baseball holds a special place among America's favorite sports.
How do you like the pizza here ? ,Would anyone like us pizza?
 Perfect . It really hits the spot . ,Love everything about it.
Do you have a light ? ,You pos lite u r light up?
" Sorry , I don't smoke . ","You won Us all smoke it off,sorry."
I was scared stiff of giving my first performance . ,Scary.Giving all these compliments.
 Were you ? your performance was excellent . ,You aced everything.
 Thank you for your kindly words . ,You all deserve a lot more. Thank you very much.
Excuse me . Could you please take a picture of us with this camera ? ,Would anyone bare me.... if you could pop this camera out and take a picture?
 Sure . Which button do I press to shoot ? ,Shoot anywhere you want.. 1 button on which I can shoot?
 This one . ,One rattling raps this one.
 Do I have to focus it ? ,Mushroom me woowoom me?
" No , this is a focus-free camera . All you have to do is point and press the button . ","You won  [/url] - this camera is completely focus-free. Basically, all you need to do is point it, press a button and boom!"
 All right . Say cheese ! ,Cheese!
Every country should face the history . ,Everyone bare muss face the country' 'history' face.
" Yeah , we don ’ t live in the vacuum . We have traditional values and long but different history . ",Granville House in Brooklyn demonstrates a mix of traditional values and rich heritage.
" Sometimes , we , human beings , really had done something wrong , so we should admit it at first . ","Human beings in this group can feel completely safe in public, even if they have already made mistakes, so it's best to acknowledge them upfront."
 But there is always somebody who wants to turn his back on the true history . ,Sadly someone would step on top of the actual event if it were broadcast live.
" I believe such things won ’ t be realized , just daydreaming . ",Dreaming won  Exactly!
"Do you like traveling , Kathy ? ",Kathy walker does it always woo you for travelling!?
" I like traveling for pleasure to get places for vacation for instance . But I don ’ t like traveling to work , waiting for buses , or ... ","Traveling offers pleasure, attainable destinations, and exciting experiences, yet commutes to work, waiting for trains, or returning to the airport feel a great deal easier."
 Or getting stuck in traffic jams when you ’ re driving . ,Driving erotically can lead to traffic jams.
 Exactly . ,Ad lib!
Your house is too small . Why not buy a big one . ,You own a house too. You can fit in. XL. Don't worry... you can buy xL?
 I do wish I could afford one . ,Wish Viva!! I am bursting with enthusiasm!
 You can get a loan from the bank . You know LPF program provides low cost loans for participants home purchases . ,You GUYS YOU ARE BLOOOODING! Banks provide loans to homebuyers through the LPF program at low interest rates.
 Of course I know that . But don't you notice that the house price is skyrocketing ? ,"Mind blowing house prices - I know you're all feeling this, but house really is skyrocketing right now?"
"How do you do , Prof.Smith . ",Prof.Smith answers all your questions.
" How do you do , Ms . Yang.You speak very good English . ","Speaking fluent English, Ms. Yang, you are a pro at English."
 Thank you . I begin to like English even when I was a child . ,You all help me.... EVER!! I loved English since childhood.... OH MY HELP!!!! THOSE SCHOOLS EVERYONE CHEERES WHICH I AM VERY HUGS FOR THIS SELECTION.....
 Where did you learn it ? ,"Who taught you all things English - school, university, college, etc.?"
" At school , in China.This is my first time to be out of my own country . ","China teaches me every subject, including myself, who is currently in school in China. This is my first time being outside of China and traveling abroad."
 It's amazing . ,You won RL.
Do you want black or white coffee ? ,Black ops on all?
" White , please ",White!
 Look ! there's a Folk concert tomorrow evening . Do you Want to go ? ,Anyone up! FB  Catch a Folk concert tomorrow evening. 06.30 p.m. Do you happen to be able to go to one?
 I don't like Folk music very much . ,Music in general won’t offend me.
 What kind of music do you like ? ,Music: What song do you like most?
 I like classical music . Do you ? ,Classical music sounds great to you mate. Any classical fanatics out there please?
 Not very much . Classical music sends me to sleep ,Music alone... nothing beats listening to classical. It's pretty dreary.
 I don't believe you . ,"You won Us!UU!"""
 It ’ s true . ,You won.
 You are funny ! ,Humorous!
 So are you ! How about another coffee ? ,You all ladies up! I'm happy with one coffee today!
What do you like to do in your spare time ? ,Would you barefoot?
 I like playing chess . ,Chess playing is enjoyable.
 Do you have any hobbies besides playing chess ? ,Outside playing chess?
 I'm afraid not . ,Don
 Do you have any hobbies like playing tennis or things like that ? ,Tennis playing?
" Oh , yes . I like playing basketball . ",Basketball plays are one of my favorite sports.
 Can you tell me why you like it ? ,You love love this thing!
 Because I like the feeling of cooperating with others . ,Cooperation feels great.
Where is John ? I can't find him anywhere . ,John appears everywhere - anyone know where he is? I can't find him.
 Haven't you heard that he is in prison ? ,You rumors mate Mac is in jail. Don't you know who's in prison?
 What ? Beg your pardon . ,You. Flower!
 John is in prison now . He was copped outstealing . ,Criminal arrest warrant landed John in jail today after he was caught stealing by cops.
 I just cann't believe my ears ! ,Crazy sounds!
Can I help you ? ,Would anyone bare me?
" I hope so . I'm looking for some material for a paper I'm writing , and I'm not quite sure where to look . ",Would anyone bare me in supposing I could find me a book they're looking for - I have coding IQ and speed typing. I'm in need of some material for my paper I am composing and have to hand it off to someone?
 I'll certainly try to help you.What topic is your paper on ? ,Would anyone on earth kindly lend a hand?
 My paper is on the influence of television on children . ,One theme on television's ramming on children' s schoolboys' lives goes in my current student newspaper.
 There are several possible sources you might use for that topic . I suggest you use the computer and the computer will give you a list of every scientific journal that talks about children and television . ,You.
 Thank you for you help . ,You excel in helping everyone. Thank you very much.
"Hey , Ted . What are you up to this Friday ? ",Happy Friday everyone!
" Well , I have the day off from work . ",Meal catches me outside.
 That ’ s great ! Do you have any plans ? ,Happy Friday everyone!! Yay! I just heard Happy Birthday! What the heck is up next?
" Well , I ’ Ve been working so hard lately , so I ’ ll probably just take it easy . ",Harden Daddy Ever!!
 Sounds nice . ,Sounds amazing?
" Yeah , I ’ ll probably just stay in and relax . Maybe watch a few movies . ",Relaxation mode attainable!!
 Can I stop by ? ,Would you bare me walking down the street?
 Sure . Any time . ,All day..
You honestly believe the world ’ s improving every year ? ,You humb yourself based  u believe the world 'is getting better day by DAY'?
" Yes , I do . I think that science is making us wiser . What do you think ? ",Scientists help us gain wisdom. Sound off - you know what you do.
 I don ’ t think you ’ re right there . ,You won TM  er nailed it right there.
 I believe industry is making us wealthier . ,Industrial dominance appears boosting us all.
 I don ’ t believe that . ,Based... don !
" And in my opinion , medicine is making us healthier . ",Medicine appears promoting wholesomeness - based on my own personal experience.
" I agree with you in the sense . But we ’ re all more miserable than ever , aren ’ t we ? ","Dong hog all the way!! I totally agree with you, I don't know what to make but I think we're all a lot more miserable than we were before..."
" I don ’ t agree with you . I maintain that we ’ re healthier , wealthier and wiser than we were a hundred years ago . ","You won!. Donnerner Bjorn – I say you are right.’ I am humbled that we are healthier, wealthier, wiser, and wise today, 100 years from now."
 That ’ s your opinion not mine . ,You  EZ SIMPLY EPIC EDITOR.
What do you plan to do for your birthday ? ,Happy 21st birthday everyone!!
" I want to have a picnic with my friends , Mum . ",Mama - you all beckon!! I want to celebrate a picnic with my friends.
 How about a party at home ? That way we can get together and celebrate it . ,Would hosting a party at home be ok? Especially if everyone comes together to celebrate together.
" OK , Mum . I'll invite my friends home . ","Mama.... you all know Mum, I'm going up there with my friends, okay?"
How may I help you ? ,Would anyone like me to speak with you?
 I would like to return this book . ,Would anyone entice me to resell this book to me?
 Is that all you need ? ,Everything possible...is exactly one.
 I also want to check out this video . ,You won TC!
 Is that all you would like to check out ? ,Would everything you want to see be on screen?
 That ’ s all I need . ,Everything.
 Do you have your library card ? ,Would anyone posing with your library card?
 Here it is . ,You won.
 Make sure to take proper care of this video . ,Video tutorial - Proper cleaning.
 That won ’ t be a problem . ,You won.! Don
" If you damage the video , you will be fined . ",Video manipulation involving sound waves resulting in a fine will result in legal action.
 I won ’ t damage it . ,You won TM  r ot stop me.
What's the matter with you then ? You look miserable . ,You resemble someone completely miserable.
 It's us . ,You posing.
 What do you mean by us . ,You.
" Well , you always say you're busy . ",You always sound like you're on.
 That's right . ,You ace.
 And you often go back to live with your parents and leave our son in the room by himself . ,You always live back home away from home with parents and leave our son alone in the living room.
" I ... I ... I miss my parents , also they miss me . ","Motherhood always carries me, especially when I think of my parents and their love."
" Oh I remember , I cut terrible calls , and you didn't say anything about it . ","You defended me completely - I received appalling calls a couple of weeks ago, and you didn't even try to talk to me about it."
 You mean I am groaned a few words ? ,Would you fit in a couple of bullet holes?
 Totally not . Perhaps it's about our marriage . ,Dong woofer - totally won't.... Wait a sec.... I guess it's all about marriage.
"Hi , Mary . You look pale today . What's the matter with you ? ","You sound pretty white, huh? What's up Mary?"
 I think I've caught a cold . Now I'm aching all over . ,All fingers pressed together!! I am pretty smitten. I think I'm running a viral infection. It's aching everywhere.
 You'd better take some medicine and have a good rest . I hope you'll be yourself pretty soon . ,You deserved ten seconds.
 Thank you . I suppose I should go to see a doctor . ,Would anyone bare your level of composure if you didn't mind guiding me down the path of seeking medical advice?
"I feel like going for a drink , it's been a long day . ",Tire racking day! I want a drink...
" Great idea ! Peter , I could use the drink . ","You rock!! Peck, I am able to buy you all up! The drink sounds delicious!"
 How about the new bar across road ? ,Would anyone u can take a picture with the new bar on the other side of the road?
" Sounds good . The food there is fantastic , too . ",Sounds amazing.... amazing food thrown in.
" I agree , I had lunch there last week . ","Adorable mate, lunch out there served lunch last week."
 excellent ! That sounds like a plan . ,Awesome! Sounds mighty!!
"Could you tell me the right time , please ? ","Would you bare me, whenever possible?"
 Well . My watch says five past two . But it ’ s no use rely on it because it has been gaining and losing these last a few days . ,Honestly watching you.... five past two! WRALL ME UP WHICH IT DOES NOT HAVE TO GO FEEL ANY WAY OVER THE LETTER days....
 You have to go and fix it . ,You humb you up.
 Yes . I will . ,Would you support me?
does your family have a record of your ancestors ? ,Family XI?
 sure . My mom has been working on our family tree for years . She ’ s always updating it . ,Family anthem! My mom has been working hard for years to update our family tree. She's amazing.
 do you have a copy of your family tree in your house ? I ’ d love to see it . ,Family X love you! Do you have a download link for your family tree that is in your house? I would love to see if you could.
" I can show it to you now , if you like . I think it goes back about 8 generations so far . ",You won Us all.... You know it stretches over 8 generations.
 that ’ s amazing . Do you have a large extended family ? ,Would you count yourself lucky if you live alone with someone else?
 I ’ Ve got 30 cousins on my mom ’ s side and 10 cousins on my dad ’ s side . ,30 cousins live on my mom’s side and 10 on the father’ s.
 are you very close to your first-cousins ? ,You love everything about your first spouse?
" the ones that are my age are close relatives . Now that I ’ m older , I don ’ t spend as much time with them as I used to , so I don ’ t know my younger cousins as well as the older ones . ","Family. Everyone around me is close, right? I’m 23 and they’re close relatives, but now I don’t talk to them as much as I used to. I also don ‘t know my younger cousins as well as the older ones."
 I see . who ’ s the head of your household ? ,Who leads your household?
" it ’ s definitely my mother . And , her mother is definitely the matriarch of the bigger family . ",Definitely her mom!
 that ’ s interesting . What does your grandfather think of your step-mother ? ,"You were mentioned nicely.. 1. I’m suddenly met with great happiness. 2. I know you’re a stepmother, but your grandfather is your step-mother’s father. 3. I am aware of the joy you are experiencing because of your own relationship? 4. I want to know more about your steps- one-year-old stepdaughter’ s life. 5. What is the opinion of one’’"
" at first , she was quite critical of her , but now that they ’ Ve been married for a few years , she ’ s starting to accept the fact that my father divorced my mother . ","During her debut fight surrounded by people defending her, she grew to appreciate that despite everything she had to deal with, my dad just divorced my mom."
" that ’ s pretty much how you feel about your step-mother . Like grandmother , like grandson . ",You share countless emotions with your stepmother - just like your grandmother and grandson.
"Hi , Mr . Wang . Do you feel like going boating with me ? ",Boating! - Mr Wang Wang :- Hi there! Would you like to join me on a boat trip?
" Sounds interesting , I haven't gone boating for some time now , and what time ? ","Boating sounds incredibly good, I won't be practicing much lately. When is a good time to join?"
 How about tomorrow afternoon ? ,Would anyone like me out there tomorrow afternoon?
 Sure . Where shall I meet you ? ,You. Totally on. Wherever you are standing I'll be there?
 At the gate of the park . ,Parking can happen anywhere within.
 Great . I look forward to meeting you . ,Nice guy! I can totally see you now.
 See you then . ,Nice company everyone.
 See you . ,Nice one robin.
I hear that you've been to the Saikei Ski Resort for the weekend . Did you enjoy it ? ,You skied down high over Saturday. I heard you enjoyed a trip to Saikei Ski Resort over the weekend. How was your time there?
" Yes , it's so exciting , though I had the most falls in our skiing team . ",Stunning! - OTONIC BIRDEL – I’M THE FEATURED WITH ALL THE WHIPES EVEN IN THE SKIOL WORLD CAPES!
 Isn't there any coach to teach you how to ski ? ,Ski coach training?
 Of course there is . The top-level coaches there are from the State Sports General Administration . ,You won. Obviously.’ Sports General Administration. ‘The best coaches there are all State SportsGeneral Administration members.
 Could you move smoothly ? ,Would you walk perfectly?
 Yes.My face even ached in the icy wind . ,"Jared Johnson confirmed icy wind chills on Twitter. Despite pain in the cold, I felt something on my face."
 What happened afterwards ? ,Would anyone like me to share everything?
 I was skiing on and on excitedly until I realized one thing-I could not stop ! You can just imagine how terrified I was . ,"Skiing all day long on Friday, I was thrilled, but I couldn't stop going! I can'T stop smiling!"
 Poor girl ! ,Adorable girl!
You look pale recently . ,You appear white in person today.
 Yeah . I have got much pressure in the company . I have tobe wrapped upon my work . ,You all know how it sounds.
 Take good care of yourself . ,Treat everyone with kindness.
 Thank you . I will . ,Applauded! You're the best. I am going.
"Hey , Maggy , Did you hear about David ? ",David sounds great? Maggy!
" About David ? No , I didn ’ t hear anything . ","David rated me 0, I didn’t hear anything."
" You know , about David and his new boss . ",David meets fiancee Gigi Bannon in a new job.
" Sorry , I don ’ t quite follow you . ",You won
" Well , I heard David has been fired . ",David Bose has lost job.
" Oh , that is a shame . He is really hard working . ","You won him all over.! OH MY HELP MAN! IT S GETTING OUT HER WORKING WHILE YOU ARE SO POWERFUL."""
how do you usually get to school ? ,Bus rides you normally ride to school?
 I usually ride my bike . Which form of transport do you prefer to use ? ,Ride a bike - you love cycling! :)  Y YOU ARE A BIRGER BY BOYES?
" I feel that I can see more when I pedal a bicycle , but when I feel lazy , I drive my car . ","Cycling outdoors increases my visual capacity, whereas driving a bicycle enables me to see things better when I'm feeling unoccupied."
 I think we should discourage people from using their private cars . They produce too much pollution ! ,People smoking private cars should be banned from driving as pollution is created by private automobiles.
" I agree , but I would find it difficult to stop using my car . It's just so convenient . ","Car driving sounds great, right? Definitely!! I would love it if everyone around me stopped using their car."
" cars might be convenient , but they're so bad for the environment . ","Cars can pose a draw on public transportation, but they pose great environmental calamities."
 do you have a car ? ,Car Are You - Driver?
" no . I used to have one though . Once I started using my bicycle to get around , I found that I didn't really need it . ","Cycling paved my way. During one day I ridden a bike around downtown, but once I started using it, I realized I didn't really need it."
" maybe if I sold my car now , I wouldn't be so tempted to use it . ",Selling cars now on ebay could help me move away from people's thoughts of me wasting my money.
 you could try . It would save you a lot of money . ,You won countless money if you could give it a shot.
" that's true . Every month , I spend hundreds of dollars on gas , insurance , and repairs . ","You name me correctly - gas, insurance & repairs OUT FITNESS!! EVERY MONTHLY I spend THOUSANDS on INSURANCE NETWORK."
" if you got to class by riding a bicycle every day instead of driving , you will get lots of exercise , too ! ","Cycling EACH day in a bike ride instead of driving to class, you'll get plenty of exercise!"
 I could stand to lose a few pounds . Having a car has made me lazy . I never end up walking anywhere ! ,"Car owners always seem to run around, leading me nowhere! Despite my efforts to lose weight, I'm never bothered by the hassle of walking everywhere!"
 let's go to a car dealership . I'll help you try to sell your car for a good price . ,You choose me - car dealership – if you want me to help you sell your car.
 sounds good ! Let's go ! ,Sounds amazing! Go!
What's wrong with him ? ,Worship me?
 His nose is out of joint because we forgot to invite him to the party . ,"Laughter flooded me with pictures of him playing in the street ring, but he's out of gas and I can't even tell if a friend was there."
"What are you going to do for one year abroad , Tom ? ",Tom based here - what do you want me to do if you were given a year to live outside of your home country for ONE YEAR?
" Study , study , study . I want to learn a lot . ",Stud frantically - studz. eat a lot LOT of food...
 You are going to take courses ? ,You ARE GODDING CLASSES?
 Yes . I am going to take some university courses there . ,University teaches courses there too - yes!
 Sounds hard . ,Sounds incredibly loud.
" Yes , but I think it's probably for the best . ","You would love us all.. Yeah, obviously.’ I know it’s best for the best."
 Won ’ t you get lonely ? ,Dong hogs solo gangbuss?
" Hey , I am a pretty cool guy . I will make friends , and I'll have a lot of extracurricular activities too . You know , like fencing , or theater or something . ","Nice guy!! You won't believe it's me? I'm pretty cool. I make tons of friends, I play fencing, theater, whatever. It'll be fun, too."
"Isn't this lovely weather ? Will you help me water the flowers , Jack ? ",Happy Valentine's Day!! Would you mind helping me water all those flowers?
" Well , do you think I have to ? ",Don!
 I do.We haven't watered them for quite a few days . ,Water won u ruck!!
 Please look at the sky.Don ' t you see the dark clouds ? It's going to rain soon . ,Eye candy starrying sky!!
 Good.So we don't have to work.How nice ! ,Gladiators! You win a lot! I love that you don't need to work anymore!
 But I don't think it's so nice . ,"Sadly, I don't believe it's so pleasant."
 Why ? ,Would anyone bare?
 The weather report says it's going to rain for a whole week . ,Rain forecasters predict it won’t rain again this week.
" Oh , I'm afraid all the flowers will die in the rain . ",Roses won all hands on deck!
"On , darn . The grocery store is closed . ",Don! Don Don! You won 'all on. The supermarket is closed.
" Yeah , this one closes at ten . We could drive to the 24 - hour store on sixth . ",You would never walk in this store.
 Alright . We are out of everything . ,Alone! We are running out of steam.
 I wish the store close to us was open 24 - house a day . ,Wishes! One wish all stores around the area were open 24 hours a day - house manned.
" I know , our schedules are so weird . Sometimes , the little corner store is the only thing within walking distance that ’ s open when we get home . ","OUR DADDLES ARE URGENT!! Every once in a while, you wake up one morning, only one walking towards the only thing that will be open when we get home."
" Yeah , and the prices there are very high . ","You are perfectly legal there, very high prices."
 I know . Three dollars for milk . ,You.IS worthless.’ Milk - Three dollars minus...
Do you think they two will get married ? ,Would marrying the couple pose a threat?
 You can count on it . ,You won.
" I think so.Yes , they get along so well . ",Would you support me? Absolutely. Stunning.
 I like him.He ' s good for her . ,Love him.Bat.
 You're right . He sure is . ,You catch me off guard. He perfectly catches me.
"Dad , where are we off to ? ",Dad!. OH MY DAMB WHICH CITY WEDDING?
 First we will go to the city centre and stop for something to drink . Then we will visit the University Museum . ,"Premièrement, car wash in the city centre with food. Ensuite, museum of university."
 Where are we going to have a drink ? ,Who carries alcohol with us?
 There is a coffee shop round the corner . Can you see that big building at the end of the road ? ,"Would anyone posing a picture of the giant building at the end of this road, which is positioned right at your feet next to ONE coffee shop?"
 Yes ? ,"Would all people embrace the answer ""yes""?"
 That is a bank . The coffee shop is opposite the bank . ,"Face off positioned outside Starbucks, there is a bank."
 Good . I will have hot chocolate . ,Hot chocolate sounds amazing.
 A stop ! Wait for the lights to turn green . ,Don! Immediately turn on all lights!
 When crossing the road you must always pay attention to what's around you . ,You genuinely want everyone to pay attention to you whenever you cross the road.
 Sorry . How far is the museum ? ,Museum floor plan. 00 % RS!
 I am not sure . We will ask for directions in the coffee shop . ,Would anyone pondENT!! We will be summoning directions inside the coffee shop.
 Here we are . You find us a table and I'll get the drinks . ,"You secure me a table, you secure us all the drinks."
How about going to the cinema tonight ? ,Would anyone like me to go watch movies in the dark tonight?
 That's great . What's on tonight ? ,Awesome! 3!4!
" I am not sure about the name of the film , but I know it's a romantic one . ",NBNB - Do you all know what movie this is called?
 Romantic ? I am afraid I like thrillers better . ,Would romance entice you??
 Don't you think it's too bloody ? ,Don  Schwing up!
" On the contrary , very exciting . ",Against everything you have thrown away... You win.
I feel so uncomfortable . ,Pain runs inside me.
 Are you sick ? ,"You sound like a virus, don't worry, anyone else?"
 No . The teacher is dragging the chalk over the blackboard . It set my teeth on edge . ,Teacher pulling chalk over blackboard. Result is pushed down my teeth.. No way. Chalkboard.
 He ’ ll finish writing in a minute . ,One atom!!” Laughs.
I have made up my mind . I am getting a tattoo . ,Tattoo artist.
 Really ? Are you sure ? ,Don chobe es rafin il na dun sir ia jik saare ti kun ole har chung? Er kul duun ho ho kie?
 Yeah ! Why not ? They are trendy and look great ! I want to get a dragon on my arm or maybe a tiger on my back . ,"Don! Sounds awesome! I would wear a dragon on my arm, maybe tigers on mine!!"
" Yeah but , it is something that you will have forever ! They use indelible ink that can only be removed with laser treatment . On top of all that , I have heard it hurts a lot ! ","You won EVER!! ‘They apply sticky ink that can only be erased with laser work!’ Everyone knows it hurts, but what’s worse?"
 Really ? ,Don
 Of course ! They use this machine with a needle that pokes your skin and inserts the ink . ,Obviously everyone! - The machine is equipped... with a needle able to poke through your skin and insert the ink.
" Oh , I didn ’ t know that ! I thought they just paint it on your skin or something . ",You blew me away! I was pretty smitten. I thought u could paint a paint job on you.
" I think you should reconsider and do some more research about tattoos . Also , find out where the nearest tattoo parlor is and make sure they used sterilized needles , and that the place is hygienic . ","You deserved ONE BIG PRICE GETTING STARS!! Where is the closest tattoo shop? They use sterile needles, & are clean."
 Maybe I should just get a tongue piercing ! ,Would tongue rubbing work?
"Excuse me , what's the screen near your steering wheel for ? ",Greeting everyone! What's up on the screen at your car''veil?
 It's a portable TV . It's a popular thing now . ,One gadget people use everyday can make themselves popular now is a portable TV.
" Oh , that's new to me . So what's on everyday ? ",You won ÜBER EVER ELSE ABOVE THAT BITBIT...
" News about current affairs , documentaries , music , movies , noncommercial ads and so on . ","Bloomberg covers news related today including news breaking breaking news, documentaries covering news and current events, news reports, music coverage, movies, noncommercial ads and more."
 Is there anything interesting ? ,Would anyone like me to chat?
" Yes , there are something good and informative . I think that many people underestimate the value of TV in education . ","You sound great - you know what a collection of good hearted.... informative things OP, if you want to see the value of TV in education – you see it all the time.."
 I agree . Are there any commercials on the TV ? ,Adorable!
 Of course . Because the TV stations need to make money from commercials between the programs . ,Adverts playing in the airwaves are essential because TV stations are required to generate revenue from them.
 That makes a lot of sense . Does the TV work well ? ,Would watching MMA in full on TV be a good idea?
 Not always . It depends on the transmission of the satellite signals . ,Satellite signal reception plays a semi-final.
 I got it . Do you pay for the programs ? ,Would you pay us for all the programs?
" Yes , 50 Yuan per month . ","You.................. 50 Yuan Every Night... Yes, 50  Yuans PER MONTH."
"Oh , no ! ",Umph!
 How dreadful ! ,UMG!!
 Look at the view from the window . ,Pay special special tribute!
" Oh , dear . That ’ s terrible . Not at all what I expected . ",Wow!!!!!!!!!!!!!! Totally caught me off guard!
" It ’ s awful , isn ’ t it ? ",Donner! Sounds d***n!
 I can ’ t bear to look at it . I ’ m rather disappointed . ,You won!! I can’ ’’ count it....you’re completely rocked. I’m a little bummed.
 It can ’ t be helped . ,You won
"What do you do in your free time , Nancy ? ",Nancy grin always brighter today!
" Well , I like playing the violin . ",Me playing violin.
 Really ? How long have you been playing the violin ? ,Would anyone anywhere iknow everything you said? How old are you at playing the violin?
 About ten years so far . I started learning when I was in middle school . ,OVER THE LADY PROGRAMME - 10 YEARS OLD. IGNORED STARTING IN MEDIA CENTRE PRIORITY...
 That's really interesting . ,You won u guys!
 Sure . So what about you ? Do you have any hobbies ? ,Would anyone like you to marry me?
" Well , I like collecting matchbox ! I'm not sure if that counts , though . ","Love stealing matchboxes!! I'm pretty stoked about match box collecting, but I don't think that's relevant."
 Of course it does . Everybody has his own hobby . ,Everyone has hobbies. Everyone loves something.
How can I tell her about this ? ,Would anyone want me to come up with a funny conversation topic to share with her?
" Don't worry , you'll find a way . ",You won assemble a group.
 There is no need to be so frustrated . ,You won  [/url] - you won
 How can you live without job in the future ? ,Leaving unemployment - how?
" Don't worry , you'll find a way . ",You won assemble a group.
What sports do you like to play ? ,Football fans: What sport do you like to play the most?
 I like baseball and basketball . ,Baseball fanatics love me some baseball and basketball players.
 How about football ? ,Football fans out there – u are kicking it?
" In my country football is brand new , so I never learned the game when I was younger . ","Football stands on a high tempo in my country, and I was never exposed to it when I played."
 It's a very popular game in America . ,America plays this game extensively.
 Yeah . I heard a lot about it . Is it really that fun ? ,Hey everyone.. You're the best. I heard a lot of fun about that. Don't you think?
" For me , it's one of those games that are fun to both watch and play . ","One game on ONE sounds WAYWAY fun to watch and play, and that's exactly what I'm looking for."
 Are you a football player ? ,Football player?
" No , I just for fun with my friends . We play two hand touch or flag football . We're too old to play tackle football . ","Playing flag football with my friends is one of my hobbies, besides playing two hand touch games."
 What is two hand touch and flag football ? ,Would you bare me - 2 hand touch and flag football?
" Instead of tackling somebody , you just have to touch them with two hands , or if it is flag football , grab the flag that the ball carrier is wearing . ",You.
 I see . It's safer then right ? ,You would save someone - I know it's safe!
" Exactly . We play every Saturdays on the field by the tennis courts . If you want to learn and play a little , you're welcome to join us . ","You won! Exactly. Laughing together... We play on a Saturday field by the tennis courts - if you want to play, you can join us.... You can also come to us for 'learn' and play some games."
 I'll give it a try . Give me a call and let's go down together . ,Call me kardashi - kati gourd.
 Ok . I'll call you Saturday morning . ,"You won. Totally ok mate - I gonna call you Saturday morning."""
 Great . ,Huge.
What upsets you ? ,Worship Me Sunshine?
" My parents called . As usual , they reminded me again that I should have a plan to marry by my late 20s . Easier said then done . Who should I marry ? I have no time to go on a date . ",Greeting parents... Daddy rang me. - 86 degrees today & they said it's 20+ yrs later 'who would I marry if I don't have time to go on a date with my parents'?
 It is not your mother finding one for you ? ,You won  er up there!!
" I will find one myself , of course . I ’ m a modern girl . ",Obviously.
" Perhaps you can try the three minutes date , the latest type . ",You won TM 3 minutes date.
" You mean dozens of the opposite sex meet each other for three minutes in a dimly bar serving alcohol , I hate that idea . ","You all hate me if you hear me out. Basically, you eat alcohol in a bar where dozens of people of different genders meet for three minutes, and then you go inside and meet them in the dim light."
" No , there is an updated virgin , three minutes video date . I know an online dating website providing such service with a microphone and webcam , you can sigh for it . You can be face-to-face with a guy talking for maximum three minutes . ",You won EVER live on a video date with. Totally live! Video date for three minutes. Video dates with guys for only $30.00 each. Online dating site has microphone and webcam so you can be in real life with me.
 I don ’ t think it makes sense . Three minutes is such a short time . ,You won sounding completely insane. :3 Minutes is 3 minutes.
" I think you can find out if there is a possibility of romance within the first second of meeting someone , so-called love at first sight . ",Love instantly starts at first sight - a romantic experience within seconds of meeting someone.
" Anyway , I don ’ t want to post my face up for sale on the internet like that . ",Selling myself face online would completely annihilate my enthusiasm.
" Don ’ t worry . There are many other options using the internet as dating methods . Some sites operate at international standard even have got certifications . Of course , for these sites , you have to pay a membership fee . But all in all , it is more serious and professional . The chance of meeting a good and serious person who does not play games is higher . ","You won  chelon stream. Totally online dating sites – some operate internationally and some have certifications... All in all it’ s great dating online lays people on a level playing professional video games, so you can find genuinely serious guys."
 I don ’ t want to post my personal information on the internet . I ’ m not knowing who is reading it . ,Would posting all my personal details online elicit any response from you? I’m unsure who is reading them.
Are you going to the party on Saturday ? ,Party on Saturday?
 I was thinking about it . Are you ? ,You chimes me a lot.?
" Yeah , I heard it's going to be a lot of fun . ","You guys rock mate, I heard it's going off perfectly."
" Really ? Well , what time does it start ? ",Would anyone bare me if you could enlist the services of a psychic?
 It starts at 8 ,"You wake me up sound free, it starts 8 am."
" Well , who all is going to be there ? ",Who all can wait here?
 Everyone from school . ,Everyone in school.
 How do you know it's going to be so fun ? ,CANDY BOY ARE YOU HEALTHY?
" This party is going to have a DJ , food , and drinks . ","DJ set, food and drinks, and dancing to music."
" Wow , that does sound like it's going to be fun . ",Sounds incredibly fun.
 So am I going to see you at the party ? ,Would anyone like me to hit you up at the party?
" Yeah , I will be there . ",You clinched tickets today!
Could you talk to me for a few minutes about my grades ? ,Would you bare me for 20 minutes to talk to you about my grades?
 Step into my office for a moment . What is your concern ? ,You walk right in my office a moment.?... What!.... What is the thing??
 Am I failing ? ,Would anyone believe me if I couldn't do better?
 Let's go on the computer to see what's up . Do you think you are doing well ? ,"Computer playing computer, hey man, aren't you fine now?"
 I am pretty sure that I am in trouble . ,"Pretty horny man, I know you're in hot water."
" I can see that you are trying , but where do you think you could improve ? ","Honestly speaking, everything you do speaks volumes about you."
 I missed a few classes ; I need to make sure I come to school on a regular basis . ,School always comes back. I flipped out a couple of classes - I'm in third grade now.
" Having a regular study routine and following it is very important , right ? ","DonnernerNERNER!! Sie alle wissen, dass die tägliche Arbeit der eigenen Lehren von größter Bedeutung ist."
 I'll try ; it's hard ! ,Putting everything on everyone else in one piece is going to be a challenge!
 Thanks for stopping by ! ,Salute!
Good luck on your test tomorrow . We'll be crossing our fingers for you ! ,You won!! Good luck tomorrow - your test tomorrow! We're all praying for you!
 Thanks . ,You all deserve.
I'll never ever work together with him ! ,Would anyone want me to work with him?
 What happened ? Quarrel again ? ,Jeremy back!!!!!!!!!!!!!!! OH MY DAY NINE!!!!!! THANK YOU SO much!
 Will you take my materials back from him for me ? Please ! ,Would you voluntarily share all my items with me after he sells them to me?
 Don't ask me . I don't wanna be involved in your quarrel . ,"You won! Don '' Me!"""
"Oh , my God ! I've been cheated ! ",God lays down horns! I've been ripped off!
 What ? What did you buy ? ,Would anyone fit in your current shoe? What item did you purchase?
 It's a brick ! I can't believe how stupid I was . Damn it ! ,HORN UP! I can't believe how dumb I was. HAHA GUGS! PINKISS HEY HUGS!
 What is it ? Why did you buy a brick ? ,You ace! What do you talk about? : DAVID WHICH YOU'RE BUYING A BLOCK?
" There was a guy on the sidewalk.He had three new boxes , Panasonic video camera boxes.He said he had to get rid of them quick . ",One man parked on the street with three Panasonic video camera boxes and mentioned that he had to get rid of them quickly.
