Sentence,Informal_10
"Say , Jim , how about going for a few beers after dinner ? ",Jim - I need to have a few beers after dinner...
 You know that is tempting but is really not good for our fitness . ,"I know it's tempting but it doesn't make us fit like that, really, fitness-wise."
 What do you mean ? It will help us to relax . ,I'm not even a fan of anything you're saying right now...It'll help us to unwind and be ourselves.
 Do you really think so ? I don't . It will just make us fat and act silly . Remember last time ? ,"I don't think so - it will make us fat and dumb... Do you really think that? I really do. It will just make everyone fat, it's like laughing and having a shitbag!"
 I guess you are right.But what shall we do ? I don't feel like sitting at home . ,I guess you are right...But I don't feel like sitting at home any longer.
 I suggest a walk over to the gym where we can play singsong and meet some of our friends . ,"I think I'll be pinning that and saying, ""Go back to the gym and I can have some singsong and have a chat with some of my friends."""
 That's a good idea . I hear Mary and Sally often go there to play pingpong.Perhaps we can make a foursome with them . ,"I think you might be able to try that out...I hear Mary and Sally play ping pong there often, so maybe we can split a foursome with them one day..."
" Sounds great to me ! If they are willing , we could ask them to go dancing with us.That is excellent exercise and fun , too . ","I can totally see the good things about it :)..It would be great if they would come along and dance with us, which is also great fun and exercise."
 Good.Let ' s go now . ,"Gut done, let me know"
 All right . ,OK...
Can you do push-ups ? ,I'm not a push-up but are you able to do push ups/ups now - can you do them anyways?
" Of course I can . It's a piece of cake ! Believe it or not , I can do 30 push-ups a minute . ","I can actually do 30 push-ups in a minute, and I'm pretty sure I could do that incredibly, it's hardly stifling myself :)."
 Really ? I think that's impossible ! ,"I don't think it's a realistic answer, isn''T that impossible?"
 You mean 30 push-ups ? ,"I'm guessing you're asking yourself how many push-ups I need to do per 30 push ups, am I right?"
 Yeah ! ,Yeah!
" It's easy . If you do exercise everyday , you can make it , too . ","Easy peasy exercise - daily exercise can make a lot of the workout easier if you do it every day."""
Can you study with the radio on ? ,"I'm gonna listen to the radio on, can you do it for me?"
" No , I listen to background music . ","No way, I listen to music in the background..."
 What is the difference ? ,SupposING THE DEFENCE?
 The radio has too many comerials . ,radio has too many comerials.
" That's true , but then you have to buy a record player . ","Yeah, it depends, but then you have to buy a record player too."
Are you all right ? ,"Ok if I may ask, am I right?"
 I will be all right soon . I was terrified when I watched them fall from the wire . ,I was frightfully apprehensiVed they fell...
 Don't worry.He is an acrobat 。 ,Don't worry...He's an acrobat.
 I see . ,I can hardly picture myself – I see it.
"Hey John , nice skates . Are they new ? ","Hey guys, I noticed you mentioned that you skated today - is that new? Hey john?"
" Yeah , I just got them . I started playing ice hockey in a community league . So , I finally got myself new skates . ",Ok so I just got them - I started ice hockey in a community league and I got new skates.
 What position do you play ? ,"I'm not even sure you can count on me not to be in that position (I'd rather be upside down, I know it's not a big deal) but I can't really count in position any more! What position are you at right now, in your opinion not worth the trouble type of 0-5 that you have to play based on average vs average performance variety  0% MIN, -0,0..."
 I ’ m a defender . It ’ s a lot of fun . You don ’ t have to be able to skate as fast on defense . ,"I'm a defender and it's fun, but you don't have to be quick to skate on defense... It'll be funnier if you can skate fast."
" Yeah , you ’ re a pretty big guy . I play goalie , myself . ","Yeah, you’re a pretty big guy. I’m essentially gonna be, myself... You’ve got me goalie here."
" Oh , yeah ? Which team ? ",Ok so which team?
 The Rockets . ,Rockets - The Rocketship.
" Really ? I think we play you guys next week . Well , I have to go to practice . See you later . ","Hey guys, I thought I was supposed to play you guys next week. I have to go to practice - should I see you later?"
" All right , see you later . ","OK, I'll see you later."
"Hey Lydia , what are you reading ? ","Hey Lydia, can you tell me what you're reading now?"
" I ’ m looking at my horoscope for this month ! My outlook is very positive . It says that I should take a vacation to someplace exotic , and that I will have a passionate summer fling ! ",I got my horoscope checked this month and it looks very sprightly - I can definitely go on a summer vacation to someplace exotic and I might even go for if I want to have merry ever :)! It's going to be great
 What are you talking about ? Let me see that ... What are horoscopes ? ,"I'm not a mathematician, can you tell me what horoscopes are all about right now...?"
" It ’ s a prediction of your month , based on your zodiac sign . You have a different sign for the month and date you were born in . I was born on April 15th , so I ’ m an Aries . When were you born ? ",I got a month’s prediction based on your zodiac sign (I’m an Aries) and I was born one month after my big birth  That’ll be the same for me too... on May 1st.
 January 5th . ,1st of January 5.00 pm EST.
" Let ’ s see . . . you ’ re a Capricorn . It says that you will be feeling stress at work , but you could see new , exciting developments in your love life . Looks like we ’ ll both have interesting summers ! ",Capricorn zodiac sign you’re going to feel a lot of pressure at work – but also have some fun with your love life - so let’s go for icebreakers today! See you on the beach mate!
" That ’ s bogus . I don't feel any stress at work , and my love life is practically nonexistent . This zodiac stuff is all a bunch of nonsense . ",I don't even have a love life and feel stressed out at work – that's bogus. This zodiac stuff is nonsense...
" No , it ’ s not , your astrology sign can tell you a lot about your personality . See ? It says that an Aries is energetic and loves to socialize . ",Aries zodiac signs tend to spend more time socializing and are often a love filled up or hated - but that doesn't mean you're not incredibly personable based on your zodic sign either – you are essentially shinier  aka you don''T care about your birth sign and you probably don’t have s-squared.
" Well , you certainly match those criteria , but they ’ re so broad they could apply to anyone . What does it say about me ? ",I definitely do - but those are pretty broad terms that could apply to anyone... What does that say about me?
 A Capricorn is serious-minded and practical . She likes to do things in conventional ways . That sounds just like you ! ,Capricorn chivalry and practicality go hand in hand... She likes things unconventional. Sounds like you can relate too - you know what?
"Frank ’ s getting married , do you believe this ? ","Doubt you, Frank is getting hitched and getting married – do you agree or disagree?"
 Is he really ? ,Is his name a deed of course or is it based on ur own words?
" Yes , he is . He loves the girl very much . ",I can't stop thinking about him - he really loves this girl.
 Who is he marring ? ,I'm not sanitized - can you tell me who he is tarnishing and what their family is actually doing for now...
" A girl he met on holiday in Spain , I think . ",I think it was a girl he met on holiday in Spain - she's pictured here...
 Have they set a date for the wedding ? ,Is there a date set etihad it tis the wedding oppureure?
 Not yet . ,Excuse me right now...
I hear you bought a new house in the northern suburbs . ,"Hey, I heard you bought a new house in the northern suburbs..."
" That ’ s right , we bought it the same day we came on the market . ",Right - we bought it right on the day we went on our first day of selling it.
 What kind of house is it ? ,"I'm trying to guess what the house is for sale, what type of thing is it for - any ideas?"
 It ’ s a wonderful Spanish style . ,A fantastic Spanish style...
" Oh , I love the roof tiles on Spanish style houses . ","Oh my goodness, I adore the roof tiles one sees erected on Spanish style houses...I can't get over that one of them."
 And it ’ s a bargaining . A house like this in river side costs double the price . ,A double cost a house like this one on the river side is double the price of... and it’s. sacrificial.
" Great , is it a two bedroom house ? ",I'm imagining this is a two-bedroomed house...is it really?
" No , it has three bedrooms and three beds , and has a living room with a twelve-foot ceiling . There ’ s a two-car garage . ","No, it has three bedrooms and three beds plus a living room with ice-cold ceilings and stocked with two car garages for added extravagance if you so choose..."
 That ’ s a nice area too . It ’ ll be a good investment for you . ,"Nice place too, and it’ll be a good investment for you..."
" Yeas , when will you buy a house ? ","Hey guys, when do you plan to buy a house?"
" Not untill the end of this year , you know , just before my wedding . ","Just a couple of weeks before my big day, right before I get married, and not until the end of this year, that's when I'm ready to go and get ready for my wedding..."
" Right , congratulations . ",Bravo - it's the right time...
 Thank you . ,thank you.
"Hi , Becky , what's up ? ",Becky - can you tell me what's happening?
" Not much , except that my mother-in-law is driving me up the wall . ",I don't really care - except when my mother-in-law pushes me down the street despite my bluffing.
 What's the problem ? ,I don't see anything going on... what's the issue?
 She loves to nit-pick and criticizes everything that I do . I can never do anything right when she's around . ,"I can never do anything right around her, even though she loves to nit-pick and criticize everything I do and I always end up blaming myself for not doing the right thing around here (she loves it too)."""
 For example ? ,I would be engrossed (example...
" Well , last week I invited her over to dinner . My husband and I had no problem with the food , but if you listened to her , then it would seem like I fed her old meat and rotten vegetables . There's just nothing can please her . ","I was just having dinner with her last week, and while she seemed to be content with the food we were sundoing and feeling appalled by our mashed up veg and turkey turkey, her newfound adoration is almost unstoppable... There's no way to satisfy her taste buds, even if we don't eat raw meat and vegetables."
" No , I can't see that happening . I know you're a good cook and nothing like that would ever happen . ",I don't think that's a realistic possibility (I can''m sure you're able to do that if you can cook - but I can imagine it never happened.
 It's not just that . She also criticizes how we raise the kids . ,"But it's not just that, she also slams us for raising the kids."
" My mother-in-law used to do the same thing to us . If it wasn't disciplining them enough , then we were disciplining them too much . She also complained about the food we fed them , the schools we sent them too , and everything else under the sun . ","I can't help but feel like we were disciplining her kids too much, as my mother-in-law used to say we should be disciplinING them more because she was constantly complaining about the food we fed them, the schools we sent them to, and everything else that went wrong even when we weren'T in school."
 You said she used to ? How did you stop her ? ,I heard you said she used to? How did you stop her from doing so - you mentioned she did it before but later on)?
" We basically sat her down and told her how we felt about her constant criticizing , and how we welcomed her advice but hoped she'd let us do our things . She understood , and now everything is a lot more peaceful . ","Sitting down with her, we talked about our grievances and our dissatisfaction and mutual apprehension after she finally relented and we were ecstatic to finally get her to understand our current predicaments and start feeling genuinely merry NOW."
 That sounds like a good idea . I'll have to try that . ,"Yeah, that sounds great :) I'll have to give it a try."
How are Zina's new programmers working out ? ,"Hey Zina's fresh programmer grads, how are you faring?"
" I hate to admit it , but they're good . And fast . The Filipino kid is a genius . ","I don't get it, but they're good,and they move fast. The Filipino kid is a genius exemplified somewhere i don’t even think of it he is talented..."
" So you'll make the Stars.com deadline , and have us up and running next week ? ","So will you get us up and running next week after the deadline on Stars.com, like you said it would be, if you go ahead and make it happen by the end of the month or even the first week we are up to date next Friday?"
" It'll be close , but we'll make it . ","But we'll make it, it's a close call."
" Good . After Stars.com starts paying us , we won't need Vikam's cash anymore . ","Starstruck remunerating us - good. But after Vikam's cash is paid for it, we won't need it anymore..."
" And if we don't need them , we won't need Zina , either . ","Zina won't be there if we don''need them, either - either we'll."
Do you like cooking ? ,"I'm not a big fan of cooking, do you have an inclination towards doing just THAT and liking it?"
 Yes . I like cooking very much . I got this hobby when I was 12 years sold . ,Cooking is my special pas-de-vie (I'm a hobbyist by profession) - I started this hobby when I was 12 and sold my car 12 years ago and it has since become my hobby blog 'Bonjour' j'avais l'aisn't it je suis troppéd?
 Why do you like it ? ,How so why you like it?
 I have no idea . I like cooking by myself . I like to taste delicious food . ,"I don't even know... I like cooking by myself. I love tasting delicious food, I know I wouldn''T know what I'd be doing - I just wanted to be able to taste good food."
 That's wonderful ! ,"Yeah, that's awesome :) Thanks a lot!"
" And I love trying new recipes , which I usually test with my friends . You can come , too . ","I'm always open to trying new recipes out, even shared with friends, and I love trying out new ones too - you can come too."
 Really ? I hope I can have a chance to taste it . Don't forget to tell me . ,I just got a chance to try this and I can't wait to taste it - can you tell me?
 Certainly . ,Sure... definitely.
Anyone home ? Jen ! ,Jen - anyone at home?
 I'm in the kitchen ... let yourself in ! ,I'm tucking in the kitchen... enter without fear!
 Wow ! You're really working up a storm ! ,WOW! That's a great job mate! Keep up the good work!
 I know . I've even worked up a sweat . ,"I've even squirmed a little bit, I know."
 You look like a cooking show host--only messier . ,"I guess you're like a cooking show host, but with messer things on your plate."
You look so tan and healthy ! ,"So tan, so healthy :)!"
 Thanks . I just got back from summer camp . ,"Hey everyone, I just got back from summer camp and wanted to say thank you for everything you're doing guys."
 How was it ? ,How about it amigos?
 Great . I got to try so many things for the first time . ,"I got to experiment a lot for the first time, great. I'm going to try out so many things right then and there and try some great things I did today, I think I might have done something really cool before but I just didn't know what I wanted to do and got myself out there for myself anyway."""
 Like what ? ,"I'm not a fan of anything pix, what do you think?"
" I went sailing , fishing , and horseback riding . ","sailing, fishing and horseback riding."
 I ’ m so jealous . ,I'm so enamored...
 The counselors were so nice too . It was the best summer ever . Except for all those mosquitoes ! ,I'd like to go out there and say it was the best summer ever - mosquitoes being the only thing that gotoed!!
"Diana , do you like the perfume I gave you ? ","Diana, do you like the perfume I threw me last night - do I have something to give you up?"
" It ’ s good . But to tell you the truth , I don ’ t wear perfume . ",I don't even bother with perfumes - it's good for me.
 I ’ m sorry . I didn ’ t know that . ,"sorry, I didn’ t know."
 That ’ s all right . Thank you all the same . ,OK OK so that's it. Thank you so much.
"Ah , ah , ah ... ","Ah, ah s n d..."
" All right , Bill.Here ' s your daily exercise schedule . You are to jog before breakfast . ","I'm pretty sure you already jog a bit before breakfast, right? That's :D Well, what'd be your exercise routine today?"
 Jog ? ,Jog?
" Then , you are to walk to work . ","then, on foot to go to work."
 Walk ? ,"I'm a bit late, can someone tell me how you got to go for Xmas and tell us what you think we are like - ""Walk na Blimpse""?"
 Thirty minutes in gym at lunch time . ,30 minutes gym session during lunch time - spend thirty minutes in gym during break time.
 Oh no . ,Oh no.
" Use the stairs , never the elevator . ",Don't use the elevator - use only the stairs EVER.
" Oh , dear . ","Oh, my goodness, what a relief..."
" And three times a week , you can either swim , play racketball , or hand ball . ","3 times a week, you can go swimming, racketball, or hand ball, and there are also 3 days swum and 2x2 times per week - when you're not confined to ice sports in the park but can still play handball and run errands in between."
 Oh no . ,Oh no.
" OK , you can stop now.It ' s time for the dance class . ","OK, you can stop right away, but it's time to go to the dance class now - it should be done now."""
 Dance class ! I don't know how . ,I can't even get into a dance class! I don'' t know how to do it...
 You will . ,You WILL.
 Oh ... ,Oh...
"Hi Bill , I saw your grandma yesterday . ",Hi Bill - I saw your grandma yesterday.
 Oh where was that ? ,Wo W where is that h?!
 I was running around the track at my college and there she was walking around the same track . ,"I was running around the track at my college and there was a girl who was also jogging around it, just like me, and she was doing the same thing just one more time, so I went along and ran around and round and back and forward and my friend was walking along the tracks just now and then, not even close to my old track lane, even though I'm not able to go close and go back even further, we were both out runner"
 Grannie always tries to stay fit and healthy.She is always making us kids eat the proper foods . ,"Grace always strives for immunity – she is a fitness supermodel who is constantly urging her kids to eat properly every day to stay physically sedentary and mentally energized (she is even compelled to stop once grazing when she feels her weight is low, she does not hardly ever regains her walking or running or swimming anymore despite her poor diet adherence to traditional chowder and dietary advice therapist"
" Well , it pays off for her.How old is she anyway ? ","I'm not a big fan of her but if she does, how old is she and how much is hers  what is the best age for her now that it's all paid off - like, I can't afford to have her all these years?"
 She will be 86 next month . ,"She turns 86 next month, just a few weeks away from her 84th birthday party last month..."
 That is truly amazing ! ,WOW! That's really amazing...
I would like to register for a class today . ,I'd like to sign up for one or two class(sightsseeing) today - how do I do that?
" No problem , what class would you like to take ? ","I'm not a big fan of any specific class but I am enquiRED, so which one do you think would be the best fit for me based solely on my academic background (I can't decide which course to take first?"
 I would very much enjoy taking a Psychology class.Because I'm crazy . ,"I'm really into taking a Psychology class, but I don't think I would be cool unless I can come up with s*** to work on that project."
 There are two classes that are still open . ,"Doubling up on their list of open classes are two still open - one class and one open class, both not yet closed pending a single digitdigital total of 0 minus one metric over the past three months ie."
 Which days are these classes on ? ,"I'm trying to figure out on what day(s) these classes are on, can you give me some info about that?"
 The first class is a Tuesday and Thursday class from two to three . ,class from two to three on Tuesday and Thursday.
 What about the other class ? ,"I don't see any class one yet, can you help me with that one too?"
 The other class is on Monday and Wednesday from 10 am - 12 . ,"Mon-Sat 10 am-2:30 pm and Tu Tut Tuqtu 11 am-2 pm EDT 7 pm to 9 pm - 3 pm Other classes are from 10 pm till 12 pm, 2 pm until 2 am and 3 am until 12 a.m on Monday and 6 pm each other Wednesday...?"
 Are you sure there are no more open classes ? ,Is it your guess that there won't be any open classes anymore - are you sure they are closed now if you ask me for clarification a few days X weeks ago or not...?
 I'm positive . ,I'm pretty sure I can.
 Sign me up for Monday and Wednesday . ,"Mon Mon to Tue at 5:00 PST and Tu Tuesta at 5:30PM Eastern and Sat at 4:00 PM EDT, so I don't worry I won'T sign me up until Monday and Wednesday."
" Okay , I'll sign you up . ","OK, I'll give you a signed up pass."
"Dad , why are you taping the windows ? ","Dad, what's the rationale behind you tampering with the windows, don't you think so, and thanks for that...?"
" Honey , a typhoon is coming . ","Honey - Another typhoon is on its way, hail hailing a."
" Really ? Wow , I don't have to go to school tomorrow . ",I don't even have to go back to school tomorrow - what's up there?
" Jenny , come and help , we need to prepare more food . ",Jenny - come and help us preparing more food...
 OK . Dad ! I'm coming . ,"OK Dad, I'm coming."
"Hi , my name is Lean , and I'm from Russia . ",Lean hailing back from Russia - I'm from there right now.
" Nice to meet you , Lean . My name is Alike . I'm from Japan . ","Hi there, Lean - I'm a Japanese citizen who goes by Alike. It's nice to come face-to-face... Hi."
 To me English is a difficult language . ,I don't think that fluent enlarging one's lexicon beyond an obvious geographical or linguistic ambiguity to fluENT people is a good starting point...
 A second language is always difficult . ,A second languages ne'er is always hard to learn a second language '.
" True , but English is harder than most . It's a crazy language . ","I get the feeling that its a crazy language, but English is much tougher out there than most languages... It's the language that is addictive."
 A crazy language ? Why do you say that ? ,A crazy language... why do you call it that?
 One letter can have several pronunciations and one word can have several meanings . ,"A single letter can create multiple phonemic or emotive entanglEMENTS and a single syllabic or totipotent octaic canopy canon (a grammar letter and one word, respectively contain multiple pronunciation sounds can be mutually entwined and translate into multiple meanings i.e."
 No wonder you say English is a crazy language . ,"No wonder you say English is a ""crazy language"" -- English sounds corned beef, you're right there with me."
Can I help you ? ,I'm looking for someone to help out - can you imagine how I could help you out now
" I hope so . I'm looking for some material for a paper I'm writing , and I'm not quite sure where to look . ","I'm a bit stumped for where to look for inspiration for drafting my paper... I have ten pages to spare, but I don't have any concrete ideas. I really am, just need some material to start brainstorming ideas about phs topics and then I can start thinking of d topics to write about. Any suggestions as well, guys, feel free to PM me for help and feel more confident about writing in the future - I won'"
 I'll certainly try to help you . What topic is your paper on ? ,I'll definitely try to be of some help here - what topic do you have your paper on?
 My paper is on the influence of television on children . ,I'm sat ed on the effect tele en i n g u children a liq re t o r d h il b c ''My paper is f ur thoughts on.
 There are several possible sources you might use for that topic . I suggest you use the computer and the computer will give you a list of every scientific journal that talks about children and television . ,"A plethora of potential trajectoRIES you could use as a starting point - i.e. if you were to peruse dozens of different scientific journal entries centered around children and then inevitably televised (a computer program can actually give you tens of thousands of such journals)... it would be great sartorics, aka scientific journals writting & talking about children notwithstanding"
 Thank you for you help . ,thank you for the help.
Here ’ s your hot dog and beer . What happened ? Did I miss anything ? ,"Hey there '! : Hi there, did anything go wrong? What happened? Were we missing anything?"
" Yeah , Cal Ripen just hit a home run . ","Cal Ripen hit a home run just two days ago and it's shrewdly named - yeah, yeah yeah."
 What ’ s the score ? ,"I don’t remember the score, can you tell me what it is supposedly score for this syllabi phony...?"
" Well it was 3 to 4 , but Ripen ’ s home run made it 5 to 4 since another player was on first base . ","Ripen hit a home run to make it 5 to 4 after someone else hit first base, resulting in the score being pushed to 3 to the inning lead at first try and then being hit again with the bases already occupied at the plate - 3 runs already in their first batting practice securing the base hit at third base ejected..."
 So Baltimore is winning ? ,"Is there any chance of Baltimore winning now despite being a powerhouse team in the league rankings based on their wins last game versus the long-term tie-breaker Los Gatos (BTS: Baltimore won almost all the games, not just the one game, but it was contested by the national teams, too often they didn't get to play against their own teams!!"
 Right . ,Right... Right.
 This is a really great place to watch a baseball game . ,"A great spot to catch a baseball game here, absolutely free admission!"
" Yeah , there isn ’ t a bad seat in the place . ","Yeah, I can't say there isn'' t a better seat in the place."
" The fans are great here , too . Not like in Philadelphia . ","I've stumbled a bit too hardy and pathetic compared to Philadelphia (safer-like fans, not primarily aimed at me) but still lovingly supported here, too — albeit not as badly as they were before I moved here."
 It was a great idea to spend a day watching a game . ,"I got an idea to spend a day watching,a game... and it was."
" Yeah , it reminds you why they say baseball is America ’ s favorite pastime . ","Yeah, it's a reminder of why baseball is hailed as America' s beloved pastime, equating to an international sporting superpower like no other national pasteen in the world (i.e."
How do you like the pizza here ? ,I'm curious to know your take on the pizza we got here... What's your opinion?
 Perfect . It really hits the spot . ,Excellent notch job...perfectly spot on.
Do you have a light ? ,"I'm not a fan myself, do you have an extra bulb on your stove that you can turn on and turn off without any probing on or off youtube?"
" Sorry , I don't smoke . ","I don't smoke - sorry, I'm not a smoker."
I was scared stiff of giving my first performance . ,I was too frightened to go on my first ever gig and give a performance I couldn't do was stand bare...
 Were you ? your performance was excellent . ,"Hey guys, did you? Your performance was great..."
 Thank you for your kindly words . ,thank you for your kind words.
Excuse me . Could you please take a picture of us with this camera ? ,"Excuse me... but please can you take a picture of us, this camera please - please take care!"
 Sure . Which button do I press to shoot ? ,I'm a bit confused which button to shoot from - can you tell me which one it is sorted based on the input id & the name of the printer you want to use for printing/sending it presently...
 This one . ,Don't miss out on this one...
 Do I have to focus it ? ,Is it a must to pay special atentia voor dein huisen en veigtijd worden worden bij het ook
" No , this is a focus-free camera . All you have to do is point and press the button . ","No need to be aphoenix, this camera is focusing-free - all you need is to point your camera and press the button..."
 All right . Say cheese ! ,OK..just say cheese!
Every country should face the history . ,A complete recalibration and recollaboratio with every entitlijd honkkelijk voor de staaten enkelt metitoriek vol volrugrug tidien op na houhoud ten werkingen bij de onderdering zonder het uitgebrij dat alle Länder zijn worden kan worden worden geven worden
" Yeah , we don ’ t live in the vacuum . We have traditional values and long but different history . ",But we don't live in the vacuum - we have long and rich history and traditional values...
" Sometimes , we , human beings , really had done something wrong , so we should admit it at first . ","Ouch, we humans really have done something errant, and we should have initially gotten to admit it ourselves..."
 But there is always somebody who wants to turn his back on the true history . ,Notwithstanding people still wanting to turn their backs on the real past...
" I believe such things won ’ t be realized , just daydreaming . ","I don't think these things will ever come true, it's just a figment of our imagination imaginings..."
"Do you like traveling , Kathy ? ",Kathy - do you like to travel a lot?
" I like traveling for pleasure to get places for vacation for instance . But I don ’ t like traveling to work , waiting for buses , or ... ","I derive so much fun from traveling - to vacation spots, to work, riding in traffic, etc..., but I don't find the rush to go to the office, the waiting in line, or the whole lot of it... (I hate that, I didn'' t want to end up in a hotel, it's too small, just the two of us)."""
 Or getting stuck in traffic jams when you ’ re driving . ,"Either getting stuck in traffic while driving or getting caught up in the commuting haze if you're not driving a short distance away (one lane south, ring road, or whoever else you can think of navigating at the intersection, making whichever ''By frothing beyond the traffic gridlock"" or being stuck behind the wheel for ten minutes, you get stuck and veering off into traffic or whatever"
 Exactly . ,Genau...
Your house is too small . Why not buy a big one . ,"Oops, your house is too small - why not buy a big one?"
 I do wish I could afford one . ,I just really wish I could get myself one.
 You can get a loan from the bank . You know LPF program provides low cost loans for participants home purchases . ,bank loan.Lph program offers low interest loans on home purchase in a p.o..
 Of course I know that . But don't you notice that the house price is skyrocketing ? ,"I get it, that's true, but the house price is skyrocketing every housing investition I come across...?"
"How do you do , Prof.Smith . ","Prof.Smith: OK, so how do you do it, Mr Smith?"
" How do you do , Ms . Yang.You speak very good English . ",Ms. Yang dont speak English very good? Mme Ying.
 Thank you . I begin to like English even when I was a child . ,"I started to like English back when I was a kid - English doesn't come easily, so I'm grateful 'because I grew up listening to it and then I would just start practicing it now . ""...I've always been fascinated and drawn drawn to English, even if I didn''T like it."
 Where did you learn it ? ,"Wollt Ihr tell me, where did t he first time come across it?"
" At school , in China.This is my first time to be out of my own country . ","I'm a local girl in China, going to school there for the first time, first off in my own country..."
 It's amazing . ,WOW!
Do you want black or white coffee ? ,"I'm a black coffee user, I like it black, but I don't have breweries (does it taste black or white)?"
" White , please ","white, please read details below."
 Look ! there's a Folk concert tomorrow evening . Do you Want to go ? ,Folk music set for tomorrow night - are you interested in going to one?
 I don't like Folk music very much . ,"Folk music doesn't grab me much, I just don'T like it."
 What kind of music do you like ? ,Album taste: What kind of music do you like?
 I like classical music . Do you ? ,classical music do you like classical?
 Not very much . Classical music sends me to sleep ,I don't really care - I sleep with classical music and it just kind of falls asleep.
 I don't believe you . ,"I don't get you, you're a fraud, right?"
 It ’ s true . ,I can't deny it's real right now... It'll be true.
 You are funny ! ,Humor... you are funny!
 So are you ! How about another coffee ? ,Ok so you are so are I!? And how about another coffee mate.
What do you like to do in your spare time ? ,How do you spend your freelancing time happiest moments imaginable - back to your laptop or computer or whatever you want to make them into something more meaningful and meaningful to you :-)?
 I like playing chess . ,Chess is my preferred pas pas d'un pas de mes bonsoirs...
 Do you have any hobbies besides playing chess ? ,"AWAY from playing chess, do you have any other hobbies or leisurely activities?"
 I'm afraid not . ,"I don't think I'm ever going to be able to do that, actually."
 Do you have any hobbies like playing tennis or things like that ? ,"I'm not a big fan of anything related to tennis or anything like that, do you have any hobbies you'd like to try out like tennis players or someone who can do that for you evelyn?"
" Oh , yes . I like playing basketball . ","Oh, yeah... I have a passion for basketball."
 Can you tell me why you like it ? ,"I'm not a big fan of it, can you tell me why I should have it on my list instead of meddling in it and feeling silly or avoiding it altogether - it's just sexy?"
 Because I like the feeling of cooperating with others . ,I derive gratulas acel time fro coordinati a lot because I m fond of collegiate things...
Where is John ? I can't find him anywhere . ,"I can't seem to find John, where is he? I'm looking for him but a GPS shows that elusive red dot that I should be able to track has gone untraced for over crappy in places like the gym/library/teacher's office/etc."
 Haven't you heard that he is in prison ? ,Haul heh? You ne know 'em haha ha hais saß in jail?
 What ? Beg your pardon . ,Beg Begin - My pardoned off.
 John is in prison now . He was copped outstealing . ,John is incarcerated right here after being caught stealing and being copped out of prison - he is currently in jail awaiting sentencing...
 I just cann't believe my ears ! ,I can't stop thinking about it... My ears hurt so bad!
Can I help you ? ,I'm looking for someone to help out - can you imagine how I could help you out now
" I hope so . I'm looking for some material for a paper I'm writing , and I'm not quite sure where to look . ","I'm a bit stumped for sourcing material for my paper, I don't know where to start but I need some ideas for something I can use - anywhere that might work?"
 I'll certainly try to help you.What topic is your paper on ? ,I'll be unfazed and try to get you some help...What's the subject of your paper?
 My paper is on the influence of television on children . ,I'm sat ed on the effect tele en i n g u children a liq re t o r d h il b c ''My paper is f ur thoughts on.
 There are several possible sources you might use for that topic . I suggest you use the computer and the computer will give you a list of every scientific journal that talks about children and television . ,"A plethora of potential trajectoRIES you could use as a starting point - i.e. if you were to peruse dozens of different scientific journal entries centered around children and then inevitably televised (a computer program can actually give you tens of thousands of such journals)... it would be great sartorics, aka scientific journals writting & talking about children notwithstanding"
 Thank you for you help . ,thank you for the help.
"Hey , Ted . What are you up to this Friday ? ","Hey there, Ted - what's up for you on Friday?"
" Well , I have the day off from work . ","I got a day off work, folks."
 That ’ s great ! Do you have any plans ? ,"Yeah that's great! But wait, any plans?"
" Well , I ’ Ve been working so hard lately , so I ’ ll probably just take it easy . ","OK, so I'm going to be fucked up a bit."
 Sounds nice . ,Nice sounding friend
" Yeah , I ’ ll probably just stay in and relax . Maybe watch a few movies . ","Yeah, I'll probably just sit back and enjoy myself, maybe watch some movies."
 Can I stop by ? ,Shall we halt for a little bit of good old time - can you remind me of that one time?
 Sure . Any time . ,Sure - anytime.
You honestly believe the world ’ s improving every year ? ,I'm honestly thinking the world is getting better every year do you think?
" Yes , I do . I think that science is making us wiser . What do you think ? ","I do though, I think science is making us a lot wiser... What do you think?"
 I don ’ t think you ’ re right there . ,"I don’ t think you’re right there, right?"
 I believe industry is making us wealthier . ,industry is making us richer.
 I don ’ t believe that . ,I don’t think that...
" And in my opinion , medicine is making us healthier . ",I think medicine is actually making us a healthier bunch... and I agree with you that medicine does make us healthier.
" I agree with you in the sense . But we ’ re all more miserable than ever , aren ’ t we ? ","I totally get you, but I think we’re all getting more and more miserable, right?"
" I don ’ t agree with you . I maintain that we ’ re healthier , wealthier and wiser than we were a hundred years ago . ","Winning a horse is not com' s droll – I’m arguing that we are ’ er, è n’ more virtuous,more privileged and wiser NOW than we were. Almost reversing vicissitudes from hundert years ago, I don’t even think of euthystrases like ISIS or POTUS..."
 That ’ s your opinion not mine . ,I'm just supposing you're not my guy and that's not your personal opinion of what you are saying...
What do you plan to do for your birthday ? ,"How about you guys, on your birthday? What do you want to do on votre bday?"
" I want to have a picnic with my friends , Mum . ",Mum is coming over with friends for a picnic and I'm keen on going along for the ride - too cute to ask anyone but me.
 How about a party at home ? That way we can get together and celebrate it . ,I'm thinking about getting together to throw a party at my house first time and have some fun together like we're having somewhere...maybe at home.
" OK , Mum . I'll invite my friends home . ","Mum. I'll be ok, Mum, I just want to invite my friends a lone home - Mum's able to ring them boobs and bobbobs homestead & pick them up n pop them home."
How may I help you ? ,I'm not a big fan of your idea- how can I be of some help to you out there?
 I would like to return this book . ,I would be ecstatic if they let me re-discover this BOOK this time around...
 Is that all you need ? ,"I just need, Is that all you!"
 I also want to check out this video . ,"I just wanna see this video, can you do that too?"
 Is that all you would like to check out ? ,"I'm just going to look at that, is that all you are looking for... right?"
 That ’ s all I need . ,I just need that and that's it.
 Do you have your library card ? ,"I need to get your library card ASAP, can you help me get it for you :)?"
 Here it is . ,Right here it is..
 Make sure to take proper care of this video . ,Don't forget to take care of this video too - it's worth it!
 That won ’ t be a problem . ,Don't worry -- there won''a.
" If you damage the video , you will be fined . ",A fine may be levie en ce quintupLEVELMENT OUTCOME DIRECTLY ORDERING TO DAMAGE THE OUR VIDEO.
 I won ’ t damage it . ,"I won’t tame it either, so I’ll just keep it cool and not break it down."
What's the matter with you then ? You look miserable . ,"Hey there, what's up with you all these years? You look so miserable, right...?"
 It's us . ,We ne are ect.
 What do you mean by us . ,Define us here...
" Well , you always say you're busy . ","Hey, I hear you're busy right now, right?"
 That's right . ,"Yeah, that's right..."
 And you often go back to live with your parents and leave our son in the room by himself . ,Don't you come back to live with your parents and leave our son alone in the living room he was left in...?
" I ... I ... I miss my parents , also they miss me . ","I... I miss my parents, they miss me."
" Oh I remember , I cut terrible calls , and you didn't say anything about it . ","Oh no, I just cut some really awful calls and you didn't even try to say anything about it, oh my god, did I act like it's over?"
 You mean I am groaned a few words ? ,"I don't get it, can you tell me what I am up to if I start crying right now?"
 Totally not . Perhaps it's about our marriage . ,Total no. Maybe it's about our marriage...
"Hi , Mary . You look pale today . What's the matter with you ? ","Hey Mary, what's up with you blond? You seem pale today..."
 I think I've caught a cold . Now I'm aching all over . ,I'm feeling really nauseous all over again...I think I might have a cold.
 You'd better take some medicine and have a good rest . I hope you'll be yourself pretty soon . ,I'd like you to go and get some medicine and sleep - I hope you're feeling well soon enough and you can be fine soon...
 Thank you . I suppose I should go to see a doctor . ,I really really need to go and see a doctor - thank you.
"I feel like going for a drink , it's been a long day . ","after a long day, I want to go out for."
" Great idea ! Peter , I could use the drink . ","Excellent idea...I might have to try that drink, Peter - thanks a lot!"
 How about the new bar across road ? ,I just spotted the new bar on the other side of the road - what do you think about it?
" Sounds good . The food there is fantastic , too . ",Sounds yummy... the food at that place is amazing.
" I agree , I had lunch there last week . ","agree, I had lunch there last week."
 excellent ! That sounds like a plan . ,Excellent - that sounds like a plan...
"Could you tell me the right time , please ? ",I don't remember the right time right... Any idea?
 Well . My watch says five past two . But it ’ s no use rely on it because it has been gaining and losing these last a few days . ,"I'm not so sure what to look out for that my watch reads ""five past two"" but it's been fluctuating for the past few days without any real trepidation or actual tallying up to a point where it becomes inescapable once it starts to gain traction..."
 You have to go and fix it . ,"Go ahead and mend it yourself, you have to fix it..."
 Yes . I will . ,Ok. I will yes - I do  Yes...
does your family have a record of your ancestors ? ,Is there any surviving ancestors you can enumerATE in your family tree?
 sure . My mom has been working on our family tree for years . She ’ s always updating it . ,I can honestly say I know for sure - my mom has been working hard for years to update my family tree... She's always doing the bare minimum for our family trees.
 do you have a copy of your family tree in your house ? I ’ d love to see it . ,"I'm a big fan of having stymies from your family tree in your house, do you have one on your computer and would you be able to take scanned and show us the family lord's ancestors' monikers too if you had one in the"
" I can show it to you now , if you like . I think it goes back about 8 generations so far . ","I can enlightEN you right away if you so like. I think it stretches back about 8 generations, I mean, ever so slightly."
 that ’ s amazing . Do you have a large extended family ? ,"I really really, really mean it? I mean are you surrounded by an extended family that is big and famished like that, is that right or wrong or not?)"
 I ’ Ve got 30 cousins on my mom ’ s side and 10 cousins on my dad ’ s side . ,I ’ Ve got 30 cousins on my mom’s side and 10 on her dad’ s.
 are you very close to your first-cousins ? ,Is there a close-up romance you can still have in your first love – is it hardly ever in the news if you were approached by your best friend or worst friend mate from school or college despite their similarity in upbringing and knick-knacks and college intrusions in those earliest days of togetherness and infidelity or infancy in cynical and romantic backfingers or first-time nem
" the ones that are my age are close relatives . Now that I ’ m older , I don ’ t spend as much time with them as I used to , so I don ’ t know my younger cousins as well as the older ones . ",I don’t get to spend as much time with my cousins that are my age anymore – I know that they are just as close as my own family a little bit... until I’m older and start rubbing shoulders with them.
 I see . who ’ s the head of your household ? ,"I'm not even sure who is in charge of the family I’m a part of, can you enlightEN me of your boss?"
" it ’ s definitely my mother . And , her mother is definitely the matriarch of the bigger family . ",I can't deny it's definitely my mother - her mother is definitely the matriarch of the bigger family...
 that ’ s interesting . What does your grandfather think of your step-mother ? ,I'm just wondering if your grandfather has any thoughts on your step-mother...
" at first , she was quite critical of her , but now that they ’ Ve been married for a few years , she ’ s starting to accept the fact that my father divorced my mother . ","She was really offended her mom was her a couple of years ago but now that they've been together for ages, she's finally coming to terms with the fact my dad divorced my mom — and her dad is no longer with me despite her past stipulations of marriage and my mother'  being married to someone else besides her, which she doesn't want to talk about anymore."
" that ’ s pretty much how you feel about your step-mother . Like grandmother , like grandson . ","Just like grandmother and grandson, your step-mother's gut feeling is akin to your grandma'', just like your gut instincts and likenesses to grandmas and grandkids, respectively, and that' s pretty much what you're feeling right now."
"Hi , Mr . Wang . Do you feel like going boating with me ? ",Hi Mr. Wang – do you wan’t to go boating?
" Sounds interesting , I haven't gone boating for some time now , and what time ? ","boating sounds interesting - I haven't been on one for a while, when can I start?"
 How about tomorrow afternoon ? ,I'm off to tomorrow afternoon - can you tell me what's happening there besides work tomorrow morning / we'll be having lunch there?
 Sure . Where shall I meet you ? ,Sure. Where can we go to have a meet and greet moment together...
 At the gate of the park . ,at the park's entrance.
 Great . I look forward to meeting you . ,Excellent mate - I can't wait to meet you...
 See you then . ,I'll see you then...
 See you . ,I look you up.
I hear that you've been to the Saikei Ski Resort for the weekend . Did you enjoy it ? ,Saikei Ski Resort you spent a weekend at last - can you share if you enjoyed your time there? (SMS: Not rated yet.
" Yes , it's so exciting , though I had the most falls in our skiing team . ",I was the teammate with the biggest ski run - but I didn't have as many falls on my team... yet it's so exciting.
 Isn't there any coach to teach you how to ski ? ,Skilehrer you don't have to ski if you need ski lessons?
 Of course there is . The top-level coaches there are from the State Sports General Administration . ,"Sure enough, there is, because coaches there who are top-notch and come from the State Sports General Administration are a true goliad masters..."
 Could you move smoothly ? ,Shall we all just wait a little bit before you start moving out there - can you please help us?
 Yes.My face even ached in the icy wind . ,"Ja, I did, and even in the cold wind my face shivered and itched like a baby."
 What happened afterwards ? ,Was there anything else that went down that turned out to be a little more nuanced or out of the ordinary thing that was once incredibly rare and not something you could reasonably possibly have hoped to come up with in the world wide
 I was skiing on and on excitedly until I realized one thing-I could not stop ! You can just imagine how terrified I was . ,"skiing for hours and I was so excited, I could stop skiing and there was an instant stop, you could tell I couldn't."
 Poor girl ! ,Poor girl!!!!!!!!!!!
You look pale recently . ,"So you look pale now, you looked pale in the past few weeks..."
 Yeah . I have got much pressure in the company . I have tobe wrapped upon my work . ,"Yeah, I know, but I've been under a lot of pressure in the company right now and I have to be wrapped up with my work every single day. I can't even go to work without getting wrapped in paper towels or something, it's just sat on my desk there and it works out really well for me right then and there, too."""
 Take good care of yourself . ,Acquire self-resizable self...
 Thank you . I will . ,"thank you. I do plan on doing a thief – I m going to, thrice i ll chth er hw thte rst jiha saha we kh lk qq hurray nath mein cse We join ftih."
"Hey , Maggy , Did you hear about David ? ","Hey Maggy, did you know that David was a name you guys heard about?"
" About David ? No , I didn ’ t hear anything . ",I didn't get any calls or texts from anyone -- I was still talking about David...?
" You know , about David and his new boss . ","David now goes under a new boss - you know, about David."
" Sorry , I don ’ t quite follow you . ","I don't even have a crush on you, sorry."
" Well , I heard David has been fired . ",David has got fired - I heard.
" Oh , that is a shame . He is really hard working . ",Shame it's so hard work for him.
how do you usually get to school ? ,"How usually do you go to your local post-school school meet up with your friends & family? What's your typical morning routine a day... into the morning or evening shifts from school--evening meals, if any (not one specific day) job?"
 I usually ride my bike . Which form of transport do you prefer to use ? ,I ride a bike for me - what mode of travel happiest are you in??
" I feel that I can see more when I pedal a bicycle , but when I feel lazy , I drive my car . ","I get a clearer visual out-trip mainly through cycling (my favorite form of transportation is my bike), but I don't feel like going out unless I'm lazy enough to drive my car because I feel I can see better while I cycle instead of writing or reading book) and I drive home from my house with my phone in my handcar (Italy, I think, because they're cheaper, and they even take my cellphone with me when I"
 I think we should discourage people from using their private cars . They produce too much pollution ! ,"I think we should stop using private car's we all know they are a huge waste of resources - we need to make people feel less responsible and stop wasting our energy on private cars!"""
" I agree , but I would find it difficult to stop using my car . It's just so convenient . ","I get it, but I'd have a hard time giving up my car - it's so convenient."
" cars might be convenient , but they're so bad for the environment . ","Naked car shoppers are finding it easy to fit on a tight, eco-friendly road without being bothered by the environmental impact of the new car - and the car itself is not surprisingly practical after all these years..."
 do you have a car ? ,"I just got a new car, do you happen to have one on you mate?"
" no . I used to have one though . Once I started using my bicycle to get around , I found that I didn't really need it . ","I didn't really need it a lot before I started using my bike to get around, even though I had one before it was no longer needed or used - I guess I'm glad I took it back."
" maybe if I sold my car now , I wouldn't be so tempted to use it . ","I wouldn't be so tempted to drive my car if I were to sell it now, maybe now I'm less likely to be reliant on my current lease deal and can afford to buy a used veyrilous car I can buy now and drive myself to the nearest garage instead of cribbing my new lease for the car myself every time I visit the dealership"""
 you could try . It would save you a lot of money . ,A lot of money can be squandliTED if you give it a chance.
" that's true . Every month , I spend hundreds of dollars on gas , insurance , and repairs . ","I can honestly say I'm right - I spend hundreds of dollars every month on gas, insurance, and repairs..."
" if you got to class by riding a bicycle every day instead of driving , you will get lots of exercise , too ! ",Bike to class on a regular daily without commuting DAYS Earlier! Besides getting your cardio in there you can also get pumped up!
 I could stand to lose a few pounds . Having a car has made me lazy . I never end up walking anywhere ! ,I can't seem to lose weight even though I could probably do so soon!! I'm so tired of walking everywhere I go!
 let's go to a car dealership . I'll help you try to sell your car for a good price . ,"I can go to any car lot and help you sell your car for a good enough price to get you some money to boot :)."""
 sounds good ! Let's go ! ,I mean it sounds great :) Let's go!
What's wrong with him ? ,"I don't see anything wrong with him, what's the problem behind it he' is doing - what can I do to fix it?"
 His nose is out of joint because we forgot to invite him to the party . ,"Oops, we didn't invite him to the party, and now he's out of breath because his nose is out in the middle of it all due to our failed attempt to invite a friend to join us for the first time in over ten years - we never saw him again."
"What are you going to do for one year abroad , Tom ? ",Tom what do you have in mind for your one-year stint overseas - where will you be going to?
" Study , study , study . I want to learn a lot . ","I aspire to learn lots by pratising, studying, preparing, study, learning - I want to do."
 You are going to take courses ? ,Hi there - do you have any plans to attend courses?
 Yes . I am going to take some university courses there . ,Ok - I am going to do some university courses there
 Sounds hard . ,"Sounds like a challenge, right?"
" Yes , but I think it's probably for the best . ","yes, but I'm sure it's probably for the best."
 Won ’ t you get lonely ? ,Don't you feel lonely despite your good self-reliant demeanor and peaceful demarc...?
" Hey , I am a pretty cool guy . I will make friends , and I'll have a lot of extracurricular activities too . You know , like fencing , or theater or something . ","Hey guys, I'm a cool guy who can make friends and have besides lots of extracurricular activities e.g. fencing, theater, etc."
"Isn't this lovely weather ? Will you help me water the flowers , Jack ? ","Jack, we're all so lucky today - isn't this weather wonderful? Can you lend a hand with flower hydration jack... HELP!"
" Well , do you think I have to ? ","I don't think I'm cut out, do you think it's a good idea or not based on your supposing I did..."
 I do.We haven't watered them for quite a few days . ,"So we watered them, we've not done that for quite a while, and I do too - we haven't drenched them in MANY days."
 Please look at the sky.Don ' t you see the dark clouds ? It's going to rain soon . ,"I'm just imagining it, looking at the sky with my eyes wide open, can you see the dark clouds looming and I can't wait for rain to come down soon enough?"
 Good.So we don't have to work.How nice ! ,Nice that we don't have to work anymore! That's so nice! I just thought I was going to say it a while back...
 But I don't think it's so nice . ,"Néanmoins, I don't feel it's so nice."
 Why ? ,WHY?
 The weather report says it's going to rain for a whole week . ,A whole week's worth of rain is forecasted according back to the weather report right now - it won't last for long this week...
" Oh , I'm afraid all the flowers will die in the rain . ","Oh, my God, the rain is going to cause all the flowers to go extinct... literally."
"On , darn . The grocery store is closed . ",Don't worry... the grocery store is closed down.
" Yeah , this one closes at ten . We could drive to the 24 - hour store on sixth . ","Yeah, yeah, this one closes at ten, so we could go to the 24 - hour store on sixth place there if they were open that day too."
 Alright . We are out of everything . ,"OK, we are out..."
 I wish the store close to us was open 24 - house a day . ,"I really just want this store close to us to be open 24 hours a day, no problem, they're open 7 days if not longer than 5 days per week and everything is super fast and easy to do there. I wish there was ONE store that was closed and I don't mind letting someone out - I want them to open their doors that day and they can come pick me up."
" I know , our schedules are so weird . Sometimes , the little corner store is the only thing within walking distance that ’ s open when we get home . ",I know it's weird how our schedules are - but sometimes we only see the little corner store that'll be open on our doorstep when we get home.
" Yeah , and the prices there are very high . ","Yeah, and the prices there are incredibly high too."
 I know . Three dollars for milk . ,I just know three dollars for milk...
Do you think they two will get married ? ,Is there a chance of the couple getting hitched and getting married one day soon enough
 You can count on it . ,Don't be fooled - you can rely on it.
" I think so.Yes , they get along so well . ",I think so too.They go on so well together...[/word]
 I like him.He ' s good for her . ,"I really like him too.He's good for her.I like her too."""
 You're right . He sure is . ,"Yeah, you're right mate. He sure is."
"Dad , where are we off to ? ",Dad - can you tell me where we are heading next?
 First we will go to the city centre and stop for something to drink . Then we will visit the University Museum . ,A quick stop in the city centre to grab something to drink and then walk over to the University Museum is just a short way after that we'll be there in no time!
 Where are we going to have a drink ? ,WHERE ROOM CAN WE HAVE A BACKGROUND?
 There is a coffee shop round the corner . Can you see that big building at the end of the road ? ,I'm imagining you're looking at that big building enduending you to a coffee shop just across the street - can you guess what it was?
 Yes ? ,I just realised that yes...?
 That is a bank . The coffee shop is opposite the bank . ,A coffee shop parked opposite the bank is worth a look at - that's 'a' bank by the chair' :-
 Good . I will have hot chocolate . ,OK EAT GOOD CHOICE!!
 A stop ! Wait for the lights to turn green . ,"Wait a few more tens of enlarging until the lights turn green - that is all you need to do now... Until then, thank you!"
 When crossing the road you must always pay attention to what's around you . ,Don't forget to pay attention to your surroundings before even tripping or crowd-shooting while escort your fart or even your lorry by carefully balancing your reveired vegetarian lat/trailway and pave the wrong way in the parking lot or backstreet lanes without any potential for a commuting hazard or foot footfall during ruck-tassel and
 Sorry . How far is the museum ? ,"Excuse me but I don't have the sign yet,any idea where the museum is?"
 I am not sure . We will ask for directions in the coffee shop . ,I don't even know - we will ask for directions in the coffee shop...
 Here we are . You find us a table and I'll get the drinks . ,So we sit down together and I'll get drinks after you get a table... Let's get our tables arranged.
How about going to the cinema tonight ? ,"I'm off to the movies tonight, can you tell me how I feel about it...?"
 That's great . What's on tonight ? ,OK OK I AM SO GOOD! What's on the menu for tonight?
" I am not sure about the name of the film , but I know it's a romantic one . ","I don't even know what the movie is called - I'm not sure what it is ''romantic' ""Heir is the name of this film's"" sequence..."
 Romantic ? I am afraid I like thrillers better . ,"I don't read Romantic novels - I guess I'll be honest, I do."
 Don't you think it's too bloody ? ,I don't you think it's too much of a lot to ask for and then you're left wondering why it was that way with so many people watching and talking and I can''nt really see the moon yet?
" On the contrary , very exciting . ",contrary to what is deemed very exhilarating.
I feel so uncomfortable . ,I don't even know what to do anymore...
 Are you sick ? ,Sind you unwell presently...
 No . The teacher is dragging the chalk over the blackboard . It set my teeth on edge . ,"I got so spooked on my teeth when the teacher was dangling the chalk all over the blackboard and I can barely stand it anymore - my tooth is going in there to hold it on the finger tips and it's a pain in the buttocks instead of the teeth, fingers and gums, I could barely hold my gum now and that'll do it for me anyways."
 He ’ ll finish writing in a minute . ,He’ll be engrossed in his own dribbling next halt just a minute later...
I have made up my mind . I am getting a tattoo . ,"I don't mind getting a tattoo, I just think about it - I am going to get one."
 Really ? Are you sure ? ,I don't you think so - what's real and do you have that kind of knowledge?
 Yeah ! Why not ? They are trendy and look great ! I want to get a dragon on my arm or maybe a tiger on my back . ,Ok guys!! How do I not have fun with them all - they are so stylish and look so good... I would love to have a dragon on my arm or maybe tiger on mine if that's what I want it to be?
" Yeah but , it is something that you will have forever ! They use indelible ink that can only be removed with laser treatment . On top of all that , I have heard it hurts a lot ! ","I know it hurts a lot, too bad! They use indelible ink that can only be erased with laser abscess, not just tattoos... That's all I need to do EVER!"
 Really ? ,"I don't really know what to ask for, can you help me guys?"
 Of course ! They use this machine with a needle that pokes your skin and inserts the ink . ,"I do too! This gadget is armed with a needle that can be poked through your skin and used to ink the inked mark without any inconsistency or oblique discontinuous embossipit gratis (just to name enumerate some of the visuals too, not the actual thing, so to speak."
" Oh , I didn ’ t know that ! I thought they just paint it on your skin or something . ","Oh no, that's so true! I thought they were just painting it on your skin or something."
" I think you should reconsider and do some more research about tattoos . Also , find out where the nearest tattoo parlor is and make sure they used sterilized needles , and that the place is hygienic . ","I think you might be wrong... You should really research your tattoos, and if that means you can find the closest tattoo parlor and verify syc. They use sterilized needles & are clean too."
 Maybe I should just get a tongue piercing ! ,"I'm not a big fan of tongue piercings, do you think getting one would be ok for me if it were not permanent...?"
"Excuse me , what's the screen near your steering wheel for ? ","Excuse me, what's the screen next to your steering wheel that you're relying more and more on (screen really, not screen) Anyway, any idea what it is?"
 It's a portable TV . It's a popular thing now . ,A portable TV is now a common focalpy based...
" Oh , that's new to me . So what's on everyday ? ","I don't even know what's happening every day like that, can you tell me what?"
" News about current affairs , documentaries , music , movies , noncommercial ads and so on . ","News spanning current scandal, documentary, current affairs, rock & pop, noncommercial films, online classifieds, free classified ads, pop-ads and much MORE..."
 Is there anything interesting ? ,I'm not really dumb - is there anything interesting to say there?
" Yes , there are something good and informative . I think that many people underestimate the value of TV in education . ","I've come across some really good and informative stuff, but I don't think TV is really that important in education, and I think people don’t really think about it too much because of its role in teaching and other fields too."
 I agree . Are there any commercials on the TV ? ,I totally agree - do they have commercials on the TV right now?
 Of course . Because the TV stations need to make money from commercials between the programs . ,"TV stations need to earn a living between commercials airing on their respective airwaves -- that's why they do it, too -- and that commercial is essentially televised between the primetime and prime-timetime commercial breaks (CBOEs, of course) on some soap operas/TV shows, not the ones they originally aired on TV."
 That makes a lot of sense . Does the TV work well ? ,I can get it... but it's a bit dumb. Is the TV really that good?
 Not always . It depends on the transmission of the satellite signals . ,But it isn't always the case -- it depends on the satellites' transmissions (i.e.
 I got it . Do you pay for the programs ? ,"I got it, do you pay for the programs if you do pay a fee for them too mate?"
" Yes , 50 Yuan per month . ","I'm gonna pay 50 Yuan every month, is that enough to say?"
"Oh , no ! ","Oh, no!..."
 How dreadful ! ,"Oh, what a terrible thing to do!"
 Look at the view from the window . ,Look out the window and take a closer look without any visual issues like gazillions of the...
" Oh , dear . That ’ s terrible . Not at all what I expected . ","Oh my God, that’s awful — totally unreal."
" It ’ s awful , isn ’ t it ? ","Ha ha ha, terrible?"
 I can ’ t bear to look at it . I ’ m rather disappointed . ,I can’t bear to look at it – I just feel a bit let down.
 It can ’ t be helped . ,I don't think it's worth it either.
"What do you do in your free time , Nancy ? ",Nancy - What do you do during your free time?
" Well , I like playing the violin . ","I'm a violin player myself, right?"
 Really ? How long have you been playing the violin ? ,"I'm just curious to know how long you've been playing the violin, can you tell me if anyone knows or isn't you already a violin prodigy based right now - can anyone tell us what year it was and what kind of music you play right?"
 About ten years so far . I started learning when I was in middle school . ,"I've been a middle school kid for about ten years now, and I started learning after middleschool and have been learning for almost  ages since then started to learn more and more about my family and history from that time onwards..."
 That's really interesting . ,"I'm really, really curious... That's really cool."
 Sure . So what about you ? Do you have any hobbies ? ,Ok so what's your hobby?
" Well , I like collecting matchbox ! I'm not sure if that counts , though . ","I'm really into matchbox-building, but I don't really think it counts either as I collect them or not (see the link below for more info)."
 Of course it does . Everybody has his own hobby . ,Sure it happens - everyone has their own hobbies to get to.
How can I tell her about this ? ,"I don't want her to know that, how do I go about telling her about that??"
" Don't worry , you'll find a way . ","Don't worry, you'll come up with a plan thrice or equiditively if you so choose, it depends on what you decide to do next - you just need to figure it out."
 There is no need to be so frustrated . ,frustrated so you don't need to be so frustrated.
 How can you live without job in the future ? ,I'm a jobless person looking for sabbatical or in-house entrants now - what can I do to make this happen in the future ideally if I can't find work or paymaster yet...
" Don't worry , you'll find a way . ","Don't worry, you'll come up with a plan thrice or equiditively if you so choose, it depends on what you decide to do next - you just need to figure it out."
What sports do you like to play ? ,"I'm not a big fan of sports, can you tell me which ones you like to play the most in the long-distance back-to-back-up scrimmage (here and dort?"
 I like baseball and basketball . ,baseball and basketball.
 How about football ? ,I just started to like football...shouldn’t I?
" In my country football is brand new , so I never learned the game when I was younger . ",football is a new game in my country and I was never taught the game when I. was younger.
 It's a very popular game in America . ,A huge fan following this game in America - it's a hit game.
 Yeah . I heard a lot about it . Is it really that fun ? ,Yeah. I heard a lot about it... Is it really that fun?
" For me , it's one of those games that are fun to both watch and play . ",I just think it's one of those games where you can watch and play while still having fun.
 Are you a football player ? ,"I'm not a big fan of football - do you happen to be based out of the UK but have played in England and Wales before gaining some international football experience (basically, I can play the Russian one)... would you be willing to go and join England?"
" No , I just for fun with my friends . We play two hand touch or flag football . We're too old to play tackle football . ","I just want to hang out & play with my friends. We're too old to tackle football, but we can all play two hands touch or flag football - I can't even tell them I'm there to have fun."
 What is two hand touch and flag football ? ,2 hand touch and flag football?
" Instead of tackling somebody , you just have to touch them with two hands , or if it is flag football , grab the flag that the ball carrier is wearing . ","Touching someone with two hands (or flag football if it's customary to do it, or flagging someone else to be precise, since the ball carrier is a flagged flag while the defender is holding the flag is still up in the air and the tackle is not yet tackling the other way round...just touch it with your other hand and you'll see how it all works out."
 I see . It's safer then right ? ,I don't you think it's safer to be safe... right?
" Exactly . We play every Saturdays on the field by the tennis courts . If you want to learn and play a little , you're welcome to join us . ",I mean we play on Saturdays every Saturday on the field next to the tennis courts - if you want to play a little bit of learning and learn more join us.
 I'll give it a try . Give me a call and let's go down together . ,OK I'll give it a go. Let's go. :) Give me ring and we're going 'down together'.
 Ok . I'll call you Saturday morning . ,Ok. I'll call you Saturday morning if you can no longer stay a while...
 Great . ,Excellent resours...
What upsets you ? ,I don't get why do you feel this way - what do I do?
" My parents called . As usual , they reminded me again that I should have a plan to marry by my late 20s . Easier said then done . Who should I marry ? I have no time to go on a date . ","I was retorted once by my mom and dad that I should have a plan to get married before my late 20s, but my parents didn't know what to do since I don''T have time to go on 'date'. Who would you propose to marry me to?"
 It is not your mother finding one for you ? ,"I don't think your mother is gonna find you a boyfriend, it is not her finding you one?"
" I will find one myself , of course . I ’ m a modern girl . ","I'll eventually stumble upon one myself - I am a girl in the 21st century, obviously, but I can already sense I will be one of them anyways."""
" Perhaps you can try the three minutes date , the latest type . ","A try with the three minutes date - the latest type if you want to see a three minute date, maybe three seconds in length, just to give it pause and rewind the clock and see for yourself."
" You mean dozens of the opposite sex meet each other for three minutes in a dimly bar serving alcohol , I hate that idea . ",I loathe the idea of there's a group of people of different genders spending three minutes each in stifled by libre in some dimly lit booze bar before they meet each other for three more mins I don't like that idea.
" No , there is an updated virgin , three minutes video date . I know an online dating website providing such service with a microphone and webcam , you can sigh for it . You can be face-to-face with a guy talking for maximum three minutes . ","Nope, there is an updated virgin who went video for three minutes - a date (three minutes video included in the process)... and you can go to an online dating site that has partnered with MICRO & WEB CAPACITY, so if you want to be in chatting with someone for at least three mins, you have three max."
 I don ’ t think it makes sense . Three minutes is such a short time . ,I don’t think it’s even logical – three minutes is just too short a time to waste...
" I think you can find out if there is a possibility of romance within the first second of meeting someone , so-called love at first sight . ","I think you can probably tell if you have the potential for romance right after you meet someone you love, or assuming they are romantic after all... love at first sight is a common saying in today's world."
" Anyway , I don ’ t want to post my face up for sale on the internet like that . ",I don't want to go online and sell my face like I did before – I just don’t have any intention of posting it like that.
" Don ’ t worry . There are many other options using the internet as dating methods . Some sites operate at international standard even have got certifications . Of course , for these sites , you have to pay a membership fee . But all in all , it is more serious and professional . The chance of meeting a good and serious person who does not play games is higher . ","Don’t be surprised – there are plenty more online dating sites out there that work well, some of which are of international calibre and even offer certification... but overall, it’s a lot more serious — you get fewer games and dozens of good friends if you’re serious about serious seriousness, you have... more chances of meeting genuinely serious people who don’ not play games."
 I don ’ t want to post my personal information on the internet . I ’ m not knowing who is reading it . ,I don’t want to go viral by posting my personal details on the internet—I don't even know who might be reading them—so I’m not a big fan of this...
Are you going to the party on Saturday ? ,Is Saturday the party going to be there for you if not Saturday...?
 I was thinking about it . Are you ? ,I was pondering it right now - what about you?
" Yeah , I heard it's going to be a lot of fun . ","Yeah, I heard it's going to be a lot of fun."
" Really ? Well , what time does it start ? ","Really? Well, when does it start...?"
 It starts at 8 ,8 AM EST.
" Well , who all is going to be there ? ",So who's going to be there anyway?
 Everyone from school . ,"A whole school chumsary,"
 How do you know it's going to be so fun ? ,"I don't think it's going to be boring, how do you know it will be fun too?"
" This party is going to have a DJ , food , and drinks . ","A DJ, food, and drinks are going to be on hand for the big party..."
" Wow , that does sound like it's going to be fun . ","Sounds like fun, right?"
 So am I going to see you at the party ? ,"I'm a bit nervous, will you be going out to party with me too or maybe I should have just been there for ya?"
" Yeah , I will be there . ","Yeah, I'll be there if I can."
Could you talk to me for a few minutes about my grades ? ,"I'm looking for someone to talk to about my grades, can you spare a few minutes to do that for me right now...?"
 Step into my office for a moment . What is your concern ? ,I sit in my office for a split second to get to the heart of my business... What is your main topic topic here?
 Am I failing ? ,I don't get enough done - am I screwed?
 Let's go on the computer to see what's up . Do you think you are doing well ? ,Go on the computer just to see what's going on around you - are you feeling well after all these years?
 I am pretty sure that I am in trouble . ,I can honestly say I am in some pretty rough water right now.
" I can see that you are trying , but where do you think you could improve ? ","I can empathize avec your strivINGS, but where do you fall short or what they should be working on right now?"
 I missed a few classes ; I need to make sure I come to school on a regular basis . ,I didn't get to school for a few classes and it's weighing on me that I have to go back to work every day...?
" Having a regular study routine and following it is very important , right ? ","I'm not a big follower of any kind of study routine, I know it's really important to stick to it and make it... regular. Isn't it cool if I have soooo much time for that stuff?"
 I'll try ; it's hard ! ,I'll try -- it's a struggle!
 Thanks for stopping by ! ,Hey guys - I appreciate you stopping by!
Good luck on your test tomorrow . We'll be crossing our fingers for you ! ,I'm so hoping your test tomorrow goes well with all our best wishes! We hope you're doing well mate!
 Thanks . ,I really just want to say thank...
I'll never ever work together with him ! ,"I'll never work with him again!"""
 What happened ? Quarrel again ? ,Quarrel again... what's happening?
 Will you take my materials back from him for me ? Please ! ,I would be really appalled if you could get him to give me back my stuff - what are you doing for me please?
 Don't ask me . I don't wanna be involved in your quarrel . ,I don't want to get caught up in your quarrel... Don'T worry.
"Oh , my God ! I've been cheated ! ","Oh my God, I've been ripped off!"
 What ? What did you buy ? ,"I'm really just starting to grow your business and I can't even start shopping, can you tell me what did you buy that was like?"
 It's a brick ! I can't believe how stupid I was . Damn it ! ,"I just shrugged it off! I can't believe how dumb I was, I couldn'T believe my mind! Phew!"
 What is it ? Why did you buy a brick ? ,"I'm not quite finished but I can't quite get it out of my head yet I would be really glad to come back to the ""buy me a brick"" route - any idea why the brick I bought was only used once and everything was fine once"
" There was a guy on the sidewalk.He had three new boxes , Panasonic video camera boxes.He said he had to get rid of them quick . ","A guy on the sidewalk had three new boxes of Panasonic video cameras that he had just bought and yanked, and said if l had to juggle them through the driveway, ill and tired of them all, then il would have to get rid of the boxes as soon as a quick time."
