Sentence,Paraphrase
"Say , Jim , how about going for a few beers after dinner ? ","Jim, can you please let me know your thoughts on having a beer and having a good conversation after dinner?"
 You know that is tempting but is really not good for our fitness . ,"Despite its tempting nature, it is not conducive to our fitness."
 What do you mean ? It will help us to relax . ,I'm not sure what you're talking about. It's a great way to unwind and unwind.
 Do you really think so ? I don't . It will just make us fat and act silly . Remember last time ? ,Are you convinced of this statement? I don't believe it. It will only lead to weight gain and silly behavior.
 I guess you are right.But what shall we do ? I don't feel like sitting at home . ,"I think you are correct, but what should we do? I don't feel like sitting at home any longer."
 I suggest a walk over to the gym where we can play singsong and meet some of our friends . ,I propose going to the gym to play sing-along and socialize with friends.
 That's a good idea . I hear Mary and Sally often go there to play pingpong.Perhaps we can make a foursome with them . ,That's a great idea. Mary and Sally often go there for a game of ping pong. Would it be possible to have a foursome with them?
" Sounds great to me ! If they are willing , we could ask them to go dancing with us.That is excellent exercise and fun , too . ","I think that sounds wonderful!! If they are willing, we could ask them to dance with us, which is great exercise, great fun,and a great way to add some exercise."
 Good.Let ' s go now . ,Good.Let's go for a good while.
 All right . ,All right.
Can you do push-ups ? ,Are you able to do push-ups?
" Of course I can . It's a piece of cake ! Believe it or not , I can do 30 push-ups a minute . ",I can do 30 push-ups in a minute - I know - I can do it a million times.
 Really ? I think that's impossible ! ,Is it really impossible to do that? I doubt it!
 You mean 30 push-ups ? ,What's the meaning of 30 push-ups?
 Yeah ! ,Is it true?
" It's easy . If you do exercise everyday , you can make it , too . ","It's uncomplicated. If you exercise daily, you can also make it easy."
Can you study with the radio on ? ,Is it possible for you to use the radio to study with the radio on?
" No , I listen to background music . ","No, I don't listen to music in the background."
 What is the difference ? ,What distinguishes the dissimilar?
 The radio has too many comerials . ,The radio has an excessive number of comerials.
" That's true , but then you have to buy a record player . ","Yes, it's accurate, but then you have to buy a record player."
Are you all right ? ,Are you in the right place?
 I will be all right soon . I was terrified when I watched them fall from the wire . ,"I am going to be all right now. When I saw them fall from the sky, I was terrified."
 Don't worry.He is an acrobat 。 ,He is an acrobat. Don't worry.He is acrobat too.
 I see . ,I see.
"Hey John , nice skates . Are they new ? ","John, I'm curious if you have any new skates for me to try out."
" Yeah , I just got them . I started playing ice hockey in a community league . So , I finally got myself new skates . ","I recently acquired new skates, which I'm happy with. I started ice hockey in a community league and got new skates just a few months ago."
 What position do you play ? ,What is your preferred position?
 I ’ m a defender . It ’ s a lot of fun . You don ’ t have to be able to skate as fast on defense . ,"Being a defender is enjoyable. However, you don’t have to be lightning fast on defense."
" Yeah , you ’ re a pretty big guy . I play goalie , myself . ","I'm a goalkeeper and you're a pretty big guy, right?"
" Oh , yeah ? Which team ? ",What's the team? YES?
 The Rockets . ,Rockets.
" Really ? I think we play you guys next week . Well , I have to go to practice . See you later . ",Is it true? I believe we're playing together next week. I have to go to practice. See you later.
" All right , see you later . ","All right, I'll see you later."
"Hey Lydia , what are you reading ? ","Lydia, can you tell me what you're reading?"
" I ’ m looking at my horoscope for this month ! My outlook is very positive . It says that I should take a vacation to someplace exotic , and that I will have a passionate summer fling ! ",Horoscopes: This month I have a very positive horoscope which says that I should go for a trip to a foreign country and have a fling or something with my significant other this summer - can you help me out if I'm wrong?
 What are you talking about ? Let me see that ... What are horoscopes ? ,Can you explain the concept of horoscopes?
" It ’ s a prediction of your month , based on your zodiac sign . You have a different sign for the month and date you were born in . I was born on April 15th , so I ’ m an Aries . When were you born ? ",Is there a month and date in which you can predict based on your zodiac sign? I was born on April 15th and I am an Aries.
 January 5th . ,January 5th marked the beginning of the current week.
" Let ’ s see . . . you ’ re a Capricorn . It says that you will be feeling stress at work , but you could see new , exciting developments in your love life . Looks like we ’ ll both have interesting summers ! ","Capricorn is a sign that indicates work-related stress, but also offers opportunities for love and romance."
" That ’ s bogus . I don't feel any stress at work , and my love life is practically nonexistent . This zodiac stuff is all a bunch of nonsense . ","I don't experience stress at work, and I have no romantic life. All of this is a sham. This zodiac information is all bogus."
" No , it ’ s not , your astrology sign can tell you a lot about your personality . See ? It says that an Aries is energetic and loves to socialize . ","Aries is a person who is energetic and enjoys socializing, according to astrology, but this can be a big deal because your zodiac sign can also tell you a lot about your personality."
" Well , you certainly match those criteria , but they ’ re so broad they could apply to anyone . What does it say about me ? ","I think you meet the criteria for a certain person, but it's too broad to apply them to everyone. What does this say about me?"
 A Capricorn is serious-minded and practical . She likes to do things in conventional ways . That sounds just like you ! ,Capricorn is a person of high social standing and practicality. She has a tendency to engage in traditional activities. Sounds like you could be a Capricorn too?
"Frank ’ s getting married , do you believe this ? ","Frank is getting married, do you agree with Frank's decision?"
 Is he really ? ,Is he truly sincere?
" Yes , he is . He loves the girl very much . ","Yes, he is. He has a great love for the girl."
 Who is he marring ? ,Who is the person he is attempting to mistreat?
" A girl he met on holiday in Spain , I think . ",I believe he met a girl he met on vacation in Spain while traveling.
 Have they set a date for the wedding ? ,Has a date been arranged for the wedding?
 Not yet . ,Not yet.
I hear you bought a new house in the northern suburbs . ,I heard you bought a new house in the northern suburbs.
" That ’ s right , we bought it the same day we came on the market . ",We bought it on the day we went on the market.
 What kind of house is it ? ,What is the classification of the house?
 It ’ s a wonderful Spanish style . ,The Spanish style is a wonderful and delightful choice.
" Oh , I love the roof tiles on Spanish style houses . ","Oh my goodness, I adore the roof tiles on Spanish style homes."
 And it ’ s a bargaining . A house like this in river side costs double the price . ,"The price is double the price of a house like this on the river side, and it's a bargain."
" Great , is it a two bedroom house ? ",Is the house just a two-bedroomed residence?
" No , it has three bedrooms and three beds , and has a living room with a twelve-foot ceiling . There ’ s a two-car garage . ","The house has three bedrooms, three beds, a living room with a twelve-foot ceiling, and a two-car garage."
 That ’ s a nice area too . It ’ ll be a good investment for you . ,That's a lovely place as well. It'll be a good investment for you.
" Yeas , when will you buy a house ? ","When do you plan to buy a house, dear?"
" Not untill the end of this year , you know , just before my wedding . ","Just before my wedding, but not before the end of this year, as you may or may not know."
" Right , congratulations . ","Right, congratulations."
 Thank you . ,Thank you.
"Hi , Becky , what's up ? ","Becky, what's the latest news?"
" Not much , except that my mother-in-law is driving me up the wall . ","I'm not very active, except for the fact that my mother-in-law is driving me insane."
 What's the problem ? ,What's the matter?
 She loves to nit-pick and criticizes everything that I do . I can never do anything right when she's around . ,I can never do anything right around her. She loves to nit-pick and criticize everything that I do.
 For example ? ,"Could you give me an example, such as?"
" Well , last week I invited her over to dinner . My husband and I had no problem with the food , but if you listened to her , then it would seem like I fed her old meat and rotten vegetables . There's just nothing can please her . ","I invited her for dinner last week and although she was fine with us and had eaten with my husband, if you listen carefully, you'll understand that she's fed me old meat and rotten vegetables. There's no way to satisfy her."
" No , I can't see that happening . I know you're a good cook and nothing like that would ever happen . ","I can't imagine that happening. You're a good cook, I know that, but I can't imagine it happening."
 It's not just that . She also criticizes how we raise the kids . ,"She doesn't just say it's a problem with kids, she also says she doesn't know how we raise the kids."
" My mother-in-law used to do the same thing to us . If it wasn't disciplining them enough , then we were disciplining them too much . She also complained about the food we fed them , the schools we sent them too , and everything else under the sun . ","My mother-in-law used to make us disciplining them too much, but now she does too. She also has complaints about the food we fed her, the schools we sent them to, and everything else that comes after school."
 You said she used to ? How did you stop her ? ,What steps did you take to stop her from doing what you said she used to do?
" We basically sat her down and told her how we felt about her constant criticizing , and how we welcomed her advice but hoped she'd let us do our things . She understood , and now everything is a lot more peaceful . ","We took her to the room and shared our feelings about her constant criticism, and we welcomed her advice but hoped she would allow us to proceed. She understood, and now everything seems normal."
 That sounds like a good idea . I'll have to try that . ,I'm willing to give it a try. That sounds like a great idea. I think I'll have to give it a try.
How are Zina's new programmers working out ? ,"Zina's latest programmers, how are they faring?"
" I hate to admit it , but they're good . And fast . The Filipino kid is a genius . ","Despite my reluctance, I can't say without saying that they're good. And they come in so fast. The Filipino kid is a prodigy."
" So you'll make the Stars.com deadline , and have us up and running next week ? ",Can you convince us to open Stars.com before the deadline next week?
" It'll be close , but we'll make it . ","We'll make it, but it's a close call."
" Good . After Stars.com starts paying us , we won't need Vikam's cash anymore . ","Stars.com has started paying Vikam's cash, so we won't need to worry about it anymore."
" And if we don't need them , we won't need Zina , either . ",Zina won't be necessary if we don't require them.
Do you like cooking ? ,Are you fond of cooking?
 Yes . I like cooking very much . I got this hobby when I was 12 years sold . ,I have a passion for cooking and I started having a passion when I was sold 12 years ago.
 Why do you like it ? ,What is it about this that you find appealing?
 I have no idea . I like cooking by myself . I like to taste delicious food . ,I have no idea. I enjoy cooking on my own and relishing the taste of delectable dishes.
 That's wonderful ! ,That's awesome!
" And I love trying new recipes , which I usually test with my friends . You can come , too . ","I have a fondness for trying out new recipes, especially ones that I usually share with my friends. I welcome you to join me in this endeavor."
 Really ? I hope I can have a chance to taste it . Don't forget to tell me . ,Can you tell me if you can try it? I want to be able to taste it. Don't forget to let me know.
 Certainly . ,Certainly.
Anyone home ? Jen ! ,"Jen, are you still at home with anyone?"
 I'm in the kitchen ... let yourself in ! ,I'm in the kitchen... enter yourself!
 Wow ! You're really working up a storm ! ,hey there! You're doing really well!
 I know . I've even worked up a sweat . ,I've pushed myself to work out my sweat.
 You look like a cooking show host--only messier . ,"You're like a cast of a cooking show, but with a messier appearance."
You look so tan and healthy ! ,Stunningly tanned and healthy!
 Thanks . I just got back from summer camp . ,Thanks.. I just got home from summer camp and I feel much better.
 How was it ? ,What was your experience like?
 Great . I got to try so many things for the first time . ,I got to experiment with many things for the first time.
 Like what ? ,What is the question?
" I went sailing , fishing , and horseback riding . ","I engaged in sailing, fishing, and horseback riding."
 I ’ m so jealous . ,I'm feeling incredibly envious.
 The counselors were so nice too . It was the best summer ever . Except for all those mosquitoes ! ,"The summer was amazing, with only mosquitoes present."
"Diana , do you like the perfume I gave you ? ","Diana, do you like the scent I gave you?"
" It ’ s good . But to tell you the truth , I don ’ t wear perfume . ",It's good. But let's be honest - I don't even bother with perfumes.
 I ’ m sorry . I didn ’ t know that . ,I didn't realize until later that I had.
 That ’ s all right . Thank you all the same . ,That's all to myself. Thank you in advance.
"Ah , ah , ah ... ","Ah, ah, ah, ah..."
" All right , Bill.Here ' s your daily exercise schedule . You are to jog before breakfast . ","Bill, can you share your daily exercise routine with me? Specifically, you will be jogging before breakfast."
 Jog ? ,"What is the meaning of ""Jog""?"
" Then , you are to walk to work . ","Afterward, you must go to work by foot."
 Walk ? ,Walk?
 Thirty minutes in gym at lunch time . ,Thirty minutes in the gym during lunch time.
 Oh no . ,Oh no.
" Use the stairs , never the elevator . ","Never use the elevator, but instead use the stairs instead."
" Oh , dear . ","Oh, my goodness, what a relief."
" And three times a week , you can either swim , play racketball , or hand ball . ","Swimming, racketball, and hand ball are all options available, and you can swim or play them three times a week."
 Oh no . ,Oh no.
" OK , you can stop now.It ' s time for the dance class . ","OK, you can stop right away, but it's time to go to the dance class."
 Dance class ! I don't know how . ,I'm so excited to take a dance class! I don't even know how to do it.
 You will . ,You will.
 Oh ... ,Oh...
"Hi Bill , I saw your grandma yesterday . ","Bill, I noticed you today when you visited your grandmother."
 Oh where was that ? ,Where can I find that?
 I was running around the track at my college and there she was walking around the same track . ,I was running around the track at my college when she saw me walking around the same track and there she was.
 Grannie always tries to stay fit and healthy.She is always making us kids eat the proper foods . ,"Grannie is committed to staying healthy and in shape, and she is always urging her children to eat properly to maintain their fitness."
" Well , it pays off for her.How old is she anyway ? ",How old is she when she realizes that her efforts are being valued?
 She will be 86 next month . ,She will be 86 next month and has just turned.
 That is truly amazing ! ,That's simply amazing!
I would like to register for a class today . ,I am interested in taking a class today and would like to register.
" No problem , what class would you like to take ? ","I'm not a big fan of any specific classes, could you please inform me which ones you would like to take?"
 I would very much enjoy taking a Psychology class.Because I'm crazy . ,"I'm not sure how to handle taking a Psychology class, but I'm intrigued and wish to take it anyway because I'm feeling crazy."
 There are two classes that are still open . ,"Two classes are still open, and they are the second one."
 Which days are these classes on ? ,What are the days of the week for these classes?
 The first class is a Tuesday and Thursday class from two to three . ,Classes from two to three are held on Tuesdays and Thursdays in the first class.
 What about the other class ? ,What about the other class?
 The other class is on Monday and Wednesday from 10 am - 12 . ,The other class is available from 10 am to 12 pm on Monday and Wednesday.
 Are you sure there are no more open classes ? ,Are you convinced that there are no more open classes?
 I'm positive . ,I'm sure I can.
 Sign me up for Monday and Wednesday . ,Sign me up on Monday and Wednesday.
" Okay , I'll sign you up . ","OK, I'll give you a signed up pass."
"Dad , why are you taping the windows ? ","Dad, what is the purpose of you tapping the windows?"
" Honey , a typhoon is coming . ","A typhoon is approaching, honey be careful."
" Really ? Wow , I don't have to go to school tomorrow . ",Is it true that I won't have to go to school tomorrow?
" Jenny , come and help , we need to prepare more food . ","Jenny, please come and help us with the preparation of more food."
 OK . Dad ! I'm coming . ,"Dad, I'm coming over."
"Hi , my name is Lean , and I'm from Russia . ","Lean, my Russian name is Lean."
" Nice to meet you , Lean . My name is Alike . I'm from Japan . ","Hello, Lean. I'm from Japan and my name is Alike. Have a good time."
 To me English is a difficult language . ,"English seems like a tough language to master, at least to me."
 A second language is always difficult . ,The task of learning a second language is always a challenge.
" True , but English is harder than most . It's a crazy language . ","English is a language that's more challenging than most. It's a crazy language, but true."
 A crazy language ? Why do you say that ? ,What is a strange language? Why do you call it that?
 One letter can have several pronunciations and one word can have several meanings . ,A letter can have multiple pronunciations and a single word can have multiple meanings.
 No wonder you say English is a crazy language . ,"English is a language that you find very strange, no surprise to you."
Can I help you ? ,Is there any way I can assist you?
" I hope so . I'm looking for some material for a paper I'm writing , and I'm not quite sure where to look . ",I'm in the process of researching and finding material for a paper I'm writing. I'm not sure where to look for materials.
 I'll certainly try to help you . What topic is your paper on ? ,I'll give it my all and assist you. What is the subject of your paper?
 My paper is on the influence of television on children . ,My article focuses on the impact of television on children.
 There are several possible sources you might use for that topic . I suggest you use the computer and the computer will give you a list of every scientific journal that talks about children and television . ,"The computer can provide you with a list of scientific journals that cover the topic of children and television, among other options."
 Thank you for you help . ,Thank you for your help...
Here ’ s your hot dog and beer . What happened ? Did I miss anything ? ,Is there anything I missed out on? Is it hot dog and beer?
" Yeah , Cal Ripen just hit a home run . ","Cal Ripen's recent home run was a hit, and he's hitting a homer."
 What ’ s the score ? ,What is the score of this score?
" Well it was 3 to 4 , but Ripen ’ s home run made it 5 to 4 since another player was on first base . ","Ripen hit a home run that extended the score to 5 to 4, but the score was still 3 to 4 as someone else hit first base."
 So Baltimore is winning ? ,Is Baltimore winning or is Baltimore not winning?
 Right . ,Right.
 This is a really great place to watch a baseball game . ,This is an excellent spot to catch a baseball game.
" Yeah , there isn ’ t a bad seat in the place . ",There's no doubt that there is a decent seat available in the place.
" The fans are great here , too . Not like in Philadelphia . ","The fans are friendly and there's a lot of love here, but it's not as big of a deal as in Philadelphia."
 It was a great idea to spend a day watching a game . ,"I thought it would be great to watch a game for a day, and it was a great idea."
" Yeah , it reminds you why they say baseball is America ’ s favorite pastime . ","Baseball is considered by many to be America's beloved sport, and that statement brings me to the topic of why."
How do you like the pizza here ? ,What is your opinion about the pizza you have ordered here?
 Perfect . It really hits the spot . ,Perfectly executed. This is spot on.
Do you have a light ? ,Is there a light available in your house?
" Sorry , I don't smoke . ","I'm sorry, I don't smoke."
I was scared stiff of giving my first performance . ,I was terrified of performing for the first time because it was my first time.
 Were you ? your performance was excellent . ,Were you? Your performance was outstanding.
 Thank you for your kindly words . ,Thank you very much for your kind words.
Excuse me . Could you please take a picture of us with this camera ? ,Can you please take a picture of us with this camera?
 Sure . Which button do I press to shoot ? ,I'm not sure which button to shoot. Can you tell me?
 This one . ,This one.
 Do I have to focus it ? ,Is it necessary for me to concentrate on it?
" No , this is a focus-free camera . All you have to do is point and press the button . ","This camera is not focused, so all you need to do is point and press the button to use the focus feature."
 All right . Say cheese ! ,Cheese!
Every country should face the history . ,Every country should be compelled to face the consequences of their own history.
" Yeah , we don ’ t live in the vacuum . We have traditional values and long but different history . ","We have a long and varied history and traditional values, but we don't live in a vacuum."
" Sometimes , we , human beings , really had done something wrong , so we should admit it at first . ","Sometimes, we as humans have made mistakes, and we may not be ready to accept it at first."
 But there is always somebody who wants to turn his back on the true history . ,"Nevertheless, there is always someone who wishes to turn their back on the genuine history."
" I believe such things won ’ t be realized , just daydreaming . ","I don't think such things will ever be real, it's just a figment of our imagination."
"Do you like traveling , Kathy ? ","Kathy, do you have a preference for traveling?"
" I like traveling for pleasure to get places for vacation for instance . But I don ’ t like traveling to work , waiting for buses , or ... ","I enjoy traveling to exotic destinations, but I don’t like going to work, waiting for cabs, or any other form of transportation."
 Or getting stuck in traffic jams when you ’ re driving . ,Getting stuck in traffic jams while driving can be just as frustrating as it is being driven.
 Exactly . ,"Correctly, yes."
Your house is too small . Why not buy a big one . ,Your house is too small. Why not buy a big one instead?
 I do wish I could afford one . ,I wish I had the means to buy one.
 You can get a loan from the bank . You know LPF program provides low cost loans for participants home purchases . ,"Banks can provide loans to eligible individuals through the LPF program, which offers low-cost loans for home purchases."
 Of course I know that . But don't you notice that the house price is skyrocketing ? ,"I know it's true, but the house price is going up in the market. Don't you think it's the same for the house price?"
"How do you do , Prof.Smith . ",Prof.Smith: What are your techniques?
" How do you do , Ms . Yang.You speak very good English . ","Ms. Yang, what is your English proficiency?"
 Thank you . I begin to like English even when I was a child . ,"English language has always been a part of my life, and I appreciate your efforts."
 Where did you learn it ? ,Where did you gain the knowledge you are currently seeking?
" At school , in China.This is my first time to be out of my own country . ","I'm currently in China as a student, and this is the first time I've been outside of my home country."
 It's amazing . ,It's fantastic.
Do you want black or white coffee ? ,"Which coffee variety do you prefer, black or white?"
" White , please ","White, please see White, please see White, please see White, please see White, please see White, please see White, please see White, please see White, please see White, please see White, please see White, please see White, formerly White, relating to the subject - the image - is an image of the original White, which was captured on a map of Canada's territory"
 Look ! there's a Folk concert tomorrow evening . Do you Want to go ? ,Folk music: Tomorrow evening - can you make it to a Folk concert?
 I don't like Folk music very much . ,"Folk music isn't my cup of tea, as I find it unappealing."
 What kind of music do you like ? ,What type of music do you enjoy listening to?
 I like classical music . Do you ? ,Is classical music a genre of music that you find appealing?
 Not very much . Classical music sends me to sleep ,"Classical music notwithstanding, I find myself falling asleep after a night of heavy listening."
 I don't believe you . ,I doubt your sincerity.
 It ’ s true . ,It’s accurate.
 You are funny ! ,Laughing at yourself!
 So are you ! How about another coffee ? ,So are you!!!.. Wanted another cup of coffee!!
What do you like to do in your spare time ? ,What is your favorite way to spend your leisure time?
 I like playing chess . ,Chess is one of my preferred games to play.
 Do you have any hobbies besides playing chess ? ,"Apart from playing chess, do you have any other hobbies or pastimes?"
 I'm afraid not . ,I'm afraid I don't.
 Do you have any hobbies like playing tennis or things like that ? ,Are you into playing tennis or doing anything else similar to tennis?
" Oh , yes . I like playing basketball . ","Oh, absolutely! I have a passion for basketball."
 Can you tell me why you like it ? ,What is the reason behind your fondness for it?
 Because I like the feeling of cooperating with others . ,I find satisfaction in working with others because I enjoy the feeling of helping others.
Where is John ? I can't find him anywhere . ,John is missing. Can you tell me where he is? I can't seem to find him.
 Haven't you heard that he is in prison ? ,"He's in jail, isn't it?"
 What ? Beg your pardon . ,Let us grant you a pardon.
 John is in prison now . He was copped outstealing . ,John is currently in jail despite being a thief who was arrested by a police officer for theft.
 I just cann't believe my ears ! ,I can't believe my ears!
Can I help you ? ,Is there any way I can assist you?
" I hope so . I'm looking for some material for a paper I'm writing , and I'm not quite sure where to look . ",I'm in the process of researching and finding material for a paper I'm writing. I'm not sure where to look for materials.
 I'll certainly try to help you.What topic is your paper on ? ,I'll do my best to assist you. What topic would you recommend for your paper?
 My paper is on the influence of television on children . ,My article focuses on the impact of television on children.
 There are several possible sources you might use for that topic . I suggest you use the computer and the computer will give you a list of every scientific journal that talks about children and television . ,"The computer can provide you with a list of scientific journals that cover the topic of children and television, among other options."
 Thank you for you help . ,Thank you for your help...
"Hey , Ted . What are you up to this Friday ? ","Ted, what are you up to on Fridays?"
" Well , I have the day off from work . ","I have a day off from work, so I can focus on my studies."
 That ’ s great ! Do you have any plans ? ,That's great news! Can you tell me what you have planned for today?
" Well , I ’ Ve been working so hard lately , so I ’ ll probably just take it easy . ",I'll probably take a break from working hard since I've been working lately.
 Sounds nice . ,"Nice sounds, folks."
" Yeah , I ’ ll probably just stay in and relax . Maybe watch a few movies . ","I'll probably just sit back and enjoy myself, maybe watching a few movies."
 Can I stop by ? ,Would you mind dropping by?
 Sure . Any time . ,Anytime. Sure. Sure. Any time.
You honestly believe the world ’ s improving every year ? ,"Do you really think that the world is getting better every year, as you've heard?"
" Yes , I do . I think that science is making us wiser . What do you think ? ",Science is making us wiser. Do you agree with me?
 I don ’ t think you ’ re right there . ,There's no way you're even in there.
 I believe industry is making us wealthier . ,Industry is a driver of our economic progress.
 I don ’ t believe that . ,I don’ t think that...
" And in my opinion , medicine is making us healthier . ",I believe that medicine is actually making us feel better.
" I agree with you in the sense . But we ’ re all more miserable than ever , aren ’ t we ? ","I share your sentiment, but I think we're all experiencing more misery right now, isn't it?"
" I don ’ t agree with you . I maintain that we ’ re healthier , wealthier and wiser than we were a hundred years ago . ","I disagree with you. I believe that we are now smarter, wealthier, and healthier than we were 100 years ago."
 That ’ s your opinion not mine . ,I'm not in agreement with that.
What do you plan to do for your birthday ? ,What are your plans for your birthday celebration?
" I want to have a picnic with my friends , Mum . ",Mum and I are planning a picnic and want to share it with our friends.
 How about a party at home ? That way we can get together and celebrate it . ,Is it possible to have a party at home and have it organized for us to enjoy?
" OK , Mum . I'll invite my friends home . ","Mum, I'll be extending an invitation to my friends."
How may I help you ? ,In what ways can I assist you?
 I would like to return this book . ,I want to give this book back.
 Is that all you need ? ,Is that all you require?
 I also want to check out this video . ,I also want to watch this video.
 Is that all you would like to check out ? ,Would you like to see all of this?
 That ’ s all I need . ,That's all I require.
 Do you have your library card ? ,Have you possessed your library card?
 Here it is . ,Here it is.
 Make sure to take proper care of this video . ,Ensure that you maintain the care required for this video.
 That won ’ t be a problem . ,There won't be any issue with that.
" If you damage the video , you will be fined . ",A fine may be imposed if you cause damage to the video recording.
 I won ’ t damage it . ,I won’t break it.
What's the matter with you then ? You look miserable . ,What's the problem with you then? You look gloomy.
 It's us . ,We.
 What do you mean by us . ,"What is your interpretation of the term ""us""?"
" Well , you always say you're busy . ","You keep claiming to be busy, right?"
 That's right . ,That's correct...
 And you often go back to live with your parents and leave our son in the room by himself . ,"Often, you go back to live with your parents and leave our son alone in the room."
" I ... I ... I miss my parents , also they miss me . ",I... I... I miss my parents... I miss my parents too.
" Oh I remember , I cut terrible calls , and you didn't say anything about it . ","Oh, I just remember, I made these awful calls, and you didn't even answer."
 You mean I am groaned a few words ? ,Is it just me or do you think I'm going to cry for a few words?
 Totally not . Perhaps it's about our marriage . ,Totally not. Maybe it's about our marriage.
"Hi , Mary . You look pale today . What's the matter with you ? ","Mary, I noticed you're pale today. What's the issue?"
 I think I've caught a cold . Now I'm aching all over . ,I believe I've been sick with a cold. Now I'm feeling a lot of pain all over my body.
 You'd better take some medicine and have a good rest . I hope you'll be yourself pretty soon . ,I suggest you take some medicine and have a good night's sleep. I hope you're feeling better soon.
 Thank you . I suppose I should go to see a doctor . ,I appreciate it. It would be helpful for me to visit a doctor.
"I feel like going for a drink , it's been a long day . ","I want to have a drink, it's been a long day."
" Great idea ! Peter , I could use the drink . ",Great idea! Thanks Peter - I might have to try that drink!
 How about the new bar across road ? ,What about the new bar on the other side of the road?
" Sounds good . The food there is fantastic , too . ",The food at that place is simply mouth-watering — what a great meal it is.
" I agree , I had lunch there last week . ","I concur, I had lunch there last week."
 excellent ! That sounds like a plan . ,Excellent! That sounds like a plan.
"Could you tell me the right time , please ? ",Can you inform me of the correct time?
 Well . My watch says five past two . But it ’ s no use rely on it because it has been gaining and losing these last a few days . ,"My watch has been fluctuating for the past few days, and although it says five past two, it's not worth relying on it."
 You have to go and fix it . ,It's your responsibility to mend it.
 Yes . I will . ,Yes. I will.
does your family have a record of your ancestors ? ,Are there any records in your family that reveal the ancestors of your lineage?
 sure . My mom has been working on our family tree for years . She ’ s always updating it . ,My mom has been working hard for years to update our family tree. I can honestly say that she's a pro at it.
 do you have a copy of your family tree in your house ? I ’ d love to see it . ,Do you keep a copy of your family tree in your house? I’d like to see a copy.
" I can show it to you now , if you like . I think it goes back about 8 generations so far . ","I would be happy to show you it now, if you want to see it. I believe it has been around for 8 generations."
 that ’ s amazing . Do you have a large extended family ? ,"I'm wondering if you have a large extended family, can you share that with us?"
 I ’ Ve got 30 cousins on my mom ’ s side and 10 cousins on my dad ’ s side . ,I'Ve got 30 cousins on my mom’s side and 10 on my dad’s side.
 are you very close to your first-cousins ? ,Are you very close to your first-born partner?
" the ones that are my age are close relatives . Now that I ’ m older , I don ’ t spend as much time with them as I used to , so I don ’ t know my younger cousins as well as the older ones . ",I don’t get to see my cousins who are older than me because they are close relatives who used to be a few years older than me.
 I see . who ’ s the head of your household ? ,Who is the person responsible for managing your household?
" it ’ s definitely my mother . And , her mother is definitely the matriarch of the bigger family . ","My mother is undoubtedly my mother, and her mother is the matriarch of the larger family."
 that ’ s interesting . What does your grandfather think of your step-mother ? ,What is your grandfather's opinion on your step-mother?
" at first , she was quite critical of her , but now that they ’ Ve been married for a few years , she ’ s starting to accept the fact that my father divorced my mother . ","She used to be quite critical of me – but now that they’ve been married for a couple of years, she’s starting to come to terms with the fact that my father divorced my mother."
" that ’ s pretty much how you feel about your step-mother . Like grandmother , like grandson . ","Step-mothers are often seen as being in the same category as grandmother or grandson, and that's pretty much how you feel about them."
"Hi , Mr . Wang . Do you feel like going boating with me ? ","Hi Mr. Wang, would you be open to embarking on a boat trip with me?"
" Sounds interesting , I haven't gone boating for some time now , and what time ? ","I've been boating for a while now, but I'm not sure when I'll be able to go back. Does that sound interesting?"
 How about tomorrow afternoon ? ,"Tomorrow afternoon, what will be interesting?"
 Sure . Where shall I meet you ? ,Sure. Where can I find you?
 At the gate of the park . ,At the park's entrance.
 Great . I look forward to meeting you . ,Great. I'm eagerly anticipating the chance to meet you.
 See you then . ,"Good luck, dear."
 See you . ,Good luck.
I hear that you've been to the Saikei Ski Resort for the weekend . Did you enjoy it ? ,Did you have a great time at Saikei Ski Resort over the weekend?
" Yes , it's so exciting , though I had the most falls in our skiing team . ","Despite having the most falls among the skiers, it's still exhilarating."
 Isn't there any coach to teach you how to ski ? ,Skilehrer? Is there anyone who can teach you?
 Of course there is . The top-level coaches there are from the State Sports General Administration . ,The State Sports General Administration is the source of the top-notch coaches there.
 Could you move smoothly ? ,Can you make yourself move without any difficulty?
 Yes.My face even ached in the icy wind . ,"Yes, even in the cold wind, my face shivered and itched."
 What happened afterwards ? ,What transpired after the event?
 I was skiing on and on excitedly until I realized one thing-I could not stop ! You can just imagine how terrified I was . ,I was skiing all day when I realised something was wrong-I couldn't stop! (You can't imagine how terrified I must have been!)
 Poor girl ! ,Poor girl!
You look pale recently . ,You've appeared pale lately.
 Yeah . I have got much pressure in the company . I have tobe wrapped upon my work . ,I am under a lot of pressure in the company. I have to be wrapped up at work.
 Take good care of yourself . ,Ensure that you are taking care of yourself.
 Thank you . I will . ,Thank you very much. I will do everything possible for you.
"Hey , Maggy , Did you hear about David ? ","Hi Maggy, did you know about David?"
" About David ? No , I didn ’ t hear anything . ",I didn't hear anything about David.
" You know , about David and his new boss . ",David's new boss is the subject of discussion.
" Sorry , I don ’ t quite follow you . ","I'm not a fan of your work, sorry."
" Well , I heard David has been fired . ","David has been dismissed, as per my knowledge."
" Oh , that is a shame . He is really hard working . ","I am sorry, that's a shame - he's been working so hard."
how do you usually get to school ? ,What is your usual mode of transportation to school?
 I usually ride my bike . Which form of transport do you prefer to use ? ,What is your preferred means of transportation?
" I feel that I can see more when I pedal a bicycle , but when I feel lazy , I drive my car . ","Cycling is the best way to increase my visual capacity, but driving my car is more appealing when I'm feeling unoccupied."
 I think we should discourage people from using their private cars . They produce too much pollution ! ,I think we should discourage people from using their private cars as they are responsible for causing too much pollution.
" I agree , but I would find it difficult to stop using my car . It's just so convenient . ","I agree with you, but I would have a hard time giving up my car - it's so convenient."
" cars might be convenient , but they're so bad for the environment . ","Cars may be convenient, but they're not a sustainable solution for the planet."
 do you have a car ? ,Do you have a vehicle in your possession?
" no . I used to have one though . Once I started using my bicycle to get around , I found that I didn't really need it . ","I used to ride my bike, but I didn't really need it."
" maybe if I sold my car now , I wouldn't be so tempted to use it . ","I'm not so inclined to use my car right now, but maybe if I were to sell it now, I wouldn't be as tempted."
 you could try . It would save you a lot of money . ,"If you could try it out, you would save a lot of money."
" that's true . Every month , I spend hundreds of dollars on gas , insurance , and repairs . ","I'm perfectly fine with that. Every month, I spend hundreds of dollars on gas, insurance, and repairs."
" if you got to class by riding a bicycle every day instead of driving , you will get lots of exercise , too ! ","Besides driving to class on a bicycle every day, riding bikes instead of driving will provide you with ample exercise too!"
 I could stand to lose a few pounds . Having a car has made me lazy . I never end up walking anywhere ! ,I could do with losing weight but I'm so lazy with my car that I never seem to get anywhere.
 let's go to a car dealership . I'll help you try to sell your car for a good price . ,Let's visit a car dealership. I'll help you sell your car at a low.
 sounds good ! Let's go ! ,HI MY CHILDREN ARE ALWAYS PRESENT WHICH ELSE WHICH ELSE WHICH ELSE WHICH ELSE WHICH ELSE WHICH ELSE WHICH ELSE WHICH ELSE WHICH ELSE WHICH ELSE WHICH ELSE WHICH ELSE WHICH ELSE WHICH ALSO
What's wrong with him ? ,What's the matter with him?
 His nose is out of joint because we forgot to invite him to the party . ,"We neglected to remind him to come to the party, causing his nose to be out of place."
"What are you going to do for one year abroad , Tom ? ","Tom, what are your plans for spending a year in another country?"
" Study , study , study . I want to learn a lot . ","Study, study, study. I want to learn a lot."
 You are going to take courses ? ,Are you going to take up any additional training?
 Yes . I am going to take some university courses there . ,"Yes, I am going to attend some university there and take some courses."
 Sounds hard . ,Isn't it a struggle to hear?
" Yes , but I think it's probably for the best . ","Yes, I'm saying, but it's probably not going to be good."
 Won ’ t you get lonely ? ,Will you never feel alone?
" Hey , I am a pretty cool guy . I will make friends , and I'll have a lot of extracurricular activities too . You know , like fencing , or theater or something . ","Hey guys, I'm a cool guy who can make friends and have a lot of extracurricular activities, such as fencing, theater, or something else."
"Isn't this lovely weather ? Will you help me water the flowers , Jack ? ","Jack, we're all enjoying the beautiful weather. Will you please help me water the flowers?"
" Well , do you think I have to ? ",Do you think I am obligated to do so?
 I do.We haven't watered them for quite a few days . ,We haven't been watering them for a few days.
 Please look at the sky.Don ' t you see the dark clouds ? It's going to rain soon . ,"I'm sorry, but I can't see the dark clouds up in the sky. It's going to rain soon."
 Good.So we don't have to work.How nice ! ,"Goodness, we don't have to work, that's wonderful!"
 But I don't think it's so nice . ,"Nevertheless, I don't believe it's so pleasant."
 Why ? ,What is the explanation for?
 The weather report says it's going to rain for a whole week . ,"Rain is forecasted to continue for a week, as per the weather report."
" Oh , I'm afraid all the flowers will die in the rain . ","Oh, my God, the rain is going to cause all the flowers to go extinct."
"On , darn . The grocery store is closed . ",The grocery store is closed.
" Yeah , this one closes at ten . We could drive to the 24 - hour store on sixth . ","We could choose to go to the 24-hour store on sixth. Unfortunately, it closes at ten."
 Alright . We are out of everything . ,We are out of the loop. Alright.
 I wish the store close to us was open 24 - house a day . ,"I desire that the store nearby is open 24 hours a day, making it convenient for us to visit."
" I know , our schedules are so weird . Sometimes , the little corner store is the only thing within walking distance that ’ s open when we get home . ",Our schedules are so bizarre that sometimes we have to go to the only thing that's within walking distance to the little corner store when we get home.
" Yeah , and the prices there are very high . ","Yes, and the prices there are very high."
 I know . Three dollars for milk . ,Three dollars for milk.
Do you think they two will get married ? ,Is it possible that they will tie the knot?
 You can count on it . ,You can rely on it.
" I think so.Yes , they get along so well . ",I think so. They have a good relationship.
 I like him.He ' s good for her . ,He's good for her.I like him.I like him.I like him.He's good for her.
 You're right . He sure is . ,He certainly is. You're right. He's right.
"Dad , where are we off to ? ","Dad, can you tell me where we are heading?"
 First we will go to the city centre and stop for something to drink . Then we will visit the University Museum . ,"Firstly, we will be visiting the city centre, where we will have a stop for drinks, and then we will be escorting the University Museum."
 Where are we going to have a drink ? ,Where can we have a drink?
 There is a coffee shop round the corner . Can you see that big building at the end of the road ? ,"Is it possible to spot the large building at the end of the road, which is a coffee shop located just across the way?"
 Yes ? ,Can you confirm whether or not it is true?
 That is a bank . The coffee shop is opposite the bank . ,The bank is situated across from it. The coffee shop is situated directly across from the bank.
 Good . I will have hot chocolate . ,Good. I'll have hot chocolate and have a good time.
 A stop ! Wait for the lights to turn green . ,Wait for the lights to turn green - stop!
 When crossing the road you must always pay attention to what's around you . ,It is important to pay close attention to what's happening around you when you're crossing the road.
 Sorry . How far is the museum ? ,What is the distance between me and the museum?
 I am not sure . We will ask for directions in the coffee shop . ,I am unsure. We will ask for directions in the coffee shop.
 Here we are . You find us a table and I'll get the drinks . ,We're sitting down and I'll take the drinks. You find a table and I'll get the drinks.
How about going to the cinema tonight ? ,"I'm planning on going to the movies tonight, any recommendations?"
 That's great . What's on tonight ? ,That's great. What's on the menu for tonight?
" I am not sure about the name of the film , but I know it's a romantic one . ","I haven't seen the movie yet, but I can't recall the title, which is a romantic romantic movie."
 Romantic ? I am afraid I like thrillers better . ,Is it safe to say that I am more interested in Romantic thrillers?
 Don't you think it's too bloody ? ,"Isn't it too much of a stretch to say ""No, not at all""?"
" On the contrary , very exciting . ","Very exciting, contrary to popular belief."
I feel so uncomfortable . ,I feel so uneasy.
 Are you sick ? ,Are you unwell?
 No . The teacher is dragging the chalk over the blackboard . It set my teeth on edge . ,"The teacher is dragging the chalk over the blackboard, and it left my teeth hurting."
 He ’ ll finish writing in a minute . ,He’ll be finished writing in a minute.
I have made up my mind . I am getting a tattoo . ,I am on the verge of getting a tattoo.
 Really ? Are you sure ? ,Are you convinced that what you are reading is genuine? Do you have a clear sense of what you're reading?
 Yeah ! Why not ? They are trendy and look great ! I want to get a dragon on my arm or maybe a tiger on my back . ,I'm not sure if you want to get a dragon on your arm or a tiger on your back - they're cool and all over the place.
" Yeah but , it is something that you will have forever ! They use indelible ink that can only be removed with laser treatment . On top of all that , I have heard it hurts a lot ! ","I know it hurts, but it is a permanent issue! They use indelible ink that can only be eliminated with laser therapy. Additionally, it is known to cause severe pain."
 Really ? ,Can you provide me with an answer?
 Of course ! They use this machine with a needle that pokes your skin and inserts the ink . ,They use a needle-like device that inserts a needle through your skin and into the ink.
" Oh , I didn ’ t know that ! I thought they just paint it on your skin or something . ",Oh my goodness! I thought maybe they painted it on their skin or something.
" I think you should reconsider and do some more research about tattoos . Also , find out where the nearest tattoo parlor is and make sure they used sterilized needles , and that the place is hygienic . ","I think you should reconsider and do some research before you go ahead with your tattoo. Also, where is the closest tattoo parlor, and do you use sterilized needles and maintain a clean facility?"
 Maybe I should just get a tongue piercing ! ,Is it a good idea to consider getting a tongue piercing?
"Excuse me , what's the screen near your steering wheel for ? ","What is the screen situated near your steering wheel, and what is its purpose?"
 It's a portable TV . It's a popular thing now . ,The portable TV has become a popular item among consumers.
" Oh , that's new to me . So what's on everyday ? ",What's the deal with this new kid on the block?
" News about current affairs , documentaries , music , movies , noncommercial ads and so on . ","Current affairs, documentaries, films, music, noncommercial ads, noncommercial news, and more."
 Is there anything interesting ? ,Is there anything fascinating?
" Yes , there are something good and informative . I think that many people underestimate the value of TV in education . ",There are some good and informative things to read about... But I think there's a big misconception in the world of TV that many people have failed to realize the value of TV in education.
 I agree . Are there any commercials on the TV ? ,Is there any commercial airing on TV? I agree.
 Of course . Because the TV stations need to make money from commercials between the programs . ,The TV stations are expected to make money from commercials between the programs.
 That makes a lot of sense . Does the TV work well ? ,Is the TV efficient in its operation? That sounds good.
 Not always . It depends on the transmission of the satellite signals . ,"The transmission of satellite signals is a determining factor in this. However, it may not be constant."
 I got it . Do you pay for the programs ? ,Is it your practice to pay for programs?
" Yes , 50 Yuan per month . ",Is it true that I can earn 50 Yuan per month with a monthly budget of 50 Yuan?
"Oh , no ! ","Oh, no!"
 How dreadful ! ,How terrible is that :(
 Look at the view from the window . ,"View the window, and look out."
" Oh , dear . That ’ s terrible . Not at all what I expected . ","Oh my God, that’s awful. Not even close to what I thought it would be."
" It ’ s awful , isn ’ t it ? ",Isn't that dreadful?
 I can ’ t bear to look at it . I ’ m rather disappointed . ,I can’t bear to look at it. It’s disappointing.
 It can ’ t be helped . ,There are no solutions available.
"What do you do in your free time , Nancy ? ","Nancy, what activities do you engage in during your leisure hours?"
" Well , I like playing the violin . ",I have a passion for playing the violin.
 Really ? How long have you been playing the violin ? ,What is your real name? How old are you at playing the violin?
 About ten years so far . I started learning when I was in middle school . ,"For about ten years, I have been learning for about a decade since I was in middle school."
 That's really interesting . ,That's really interesting.
 Sure . So what about you ? Do you have any hobbies ? ,What is your favorite thing to do?
" Well , I like collecting matchbox ! I'm not sure if that counts , though . ","I'm intrigued by matchbox collection, but I'm not convinced if it's a significant aspect."
 Of course it does . Everybody has his own hobby . ,"Naturally, it happens. Everyone has their own interests."
How can I tell her about this ? ,What's the best way to inform her of this?
" Don't worry , you'll find a way . ",There's no need to worry about finding a solution.
 There is no need to be so frustrated . ,There is no reason to be so frustrated.
 How can you live without job in the future ? ,What are some ways to survive in the absence of a job in the future?
" Don't worry , you'll find a way . ",There's no need to worry about finding a solution.
What sports do you like to play ? ,What are your preferred sports to play?
 I like baseball and basketball . ,Baseball and basketball are my preferred sports.
 How about football ? ,Football?
" In my country football is brand new , so I never learned the game when I was younger . ","Football is a new phenomenon in my country, and I never learned the game when I was younger."
 It's a very popular game in America . ,America is a devoted fan of the game.
 Yeah . I heard a lot about it . Is it really that fun ? ,I heard a lot about it. Is that really that much of a fun activity?
" For me , it's one of those games that are fun to both watch and play . ",I find it to be one of those games that are enjoyable to watch and play.
 Are you a football player ? ,Are you a football player?
" No , I just for fun with my friends . We play two hand touch or flag football . We're too old to play tackle football . ","My friends and I only engage in games like two-handed or flag football, but we're too old to play tackle football as it's too old to participate."
 What is two hand touch and flag football ? ,What is the difference between two hand touch and flag football?
" Instead of tackling somebody , you just have to touch them with two hands , or if it is flag football , grab the flag that the ball carrier is wearing . ","Rather than tackling someone, you can simply touch them with your hands or, in flag football, with the flag that the ball carrier is carrying."
 I see . It's safer then right ? ,Is it safe to assume that it's not a risky action?
" Exactly . We play every Saturdays on the field by the tennis courts . If you want to learn and play a little , you're welcome to join us . ","We play on Saturdays on the tennis courts' field. If you're interested in learning and playing a little, come along to us."
 I'll give it a try . Give me a call and let's go down together . ,Let's go for a chat and hit the road together.
 Ok . I'll call you Saturday morning . ,Ok. I'll call you on Saturday morning.
 Great . ,Great.
What upsets you ? ,What are the things that bother you the most?
" My parents called . As usual , they reminded me again that I should have a plan to marry by my late 20s . Easier said then done . Who should I marry ? I have no time to go on a date . ",My parents called me again and again to remind me that I need to plan a marriage by my late 20s. Who should I marry? I have no time to go on a date.
 It is not your mother finding one for you ? ,Is it not your mother finding a boyfriend for you?
" I will find one myself , of course . I ’ m a modern girl . ","I'll find one myself, of course, as a modern woman."
" Perhaps you can try the three minutes date , the latest type . ","It might be a good idea to test out the three minutes date, the most recent variant."
" You mean dozens of the opposite sex meet each other for three minutes in a dimly bar serving alcohol , I hate that idea . ","I don't get the idea of people of different genders meeting in a dimly lit bar for three minutes to drink, don't you think?"
" No , there is an updated virgin , three minutes video date . I know an online dating website providing such service with a microphone and webcam , you can sigh for it . You can be face-to-face with a guy talking for maximum three minutes . ","No, not at all, but there is an online dating site where you can have a three-minute video date and see an updated virgin. The virgin has a microphone and webcam, which means you can be in real life with a guy talking for up to three minutes."
 I don ’ t think it makes sense . Three minutes is such a short time . ,I don’t think it’s even logical. Three minutes is too brief for me.
" I think you can find out if there is a possibility of romance within the first second of meeting someone , so-called love at first sight . ","Love at first sight is a way to determine if there is any romance within a second of meeting someone, as it is often referred to."
" Anyway , I don ’ t want to post my face up for sale on the internet like that . ",I am not interested in selling my face online or putting it up for sale.
" Don ’ t worry . There are many other options using the internet as dating methods . Some sites operate at international standard even have got certifications . Of course , for these sites , you have to pay a membership fee . But all in all , it is more serious and professional . The chance of meeting a good and serious person who does not play games is higher . ","There are many other dating sites available online that offer a more serious and professional profile than those that are solely online. These sites offer certifications and have a membership fee, but overall, it is a more effective way to meet someone who is serious about serious seriousness and doesn't have a passion for playing games."
 I don ’ t want to post my personal information on the internet . I ’ m not knowing who is reading it . ,"I'm afraid I'll lose interest and put my personal information on the internet, but I'm not sure who might be reading it."
Are you going to the party on Saturday ? ,Will you be at the party on Saturday?
 I was thinking about it . Are you ? ,I was pondering it. Are you occupied with this?
" Yeah , I heard it's going to be a lot of fun . ","Yeah, I heard it's going to be a lot of fun."
" Really ? Well , what time does it start ? ",What time exactly does it start?
 It starts at 8 ,The clock reads from 8 AM to 8 PM.
" Well , who all is going to be there ? ","Who will be there, well, who knows?"
 Everyone from school . ,The entire school community.
 How do you know it's going to be so fun ? ,What makes you think it will be a fun time?
" This party is going to have a DJ , food , and drinks . ","A DJ, food, and drinks will be served at the party."
" Wow , that does sound like it's going to be fun . ","Sounds like fun, right?"
 So am I going to see you at the party ? ,Will you be attending the party?
" Yeah , I will be there . ","I will be there, yeah."
Could you talk to me for a few minutes about my grades ? ,Would you be able to chat with me for a minute and ask me about my grades?
 Step into my office for a moment . What is your concern ? ,I invite you to briefly enter my office and we can talk briefly about what concerns you.
 Am I failing ? ,Am I a failure?
 Let's go on the computer to see what's up . Do you think you are doing well ? ,Let's use the computer to check our surroundings. Are you feeling well?
 I am pretty sure that I am in trouble . ,I am pretty sure I am in trouble.
" I can see that you are trying , but where do you think you could improve ? ","I can perceive that you are putting in a lot of effort, but where do you see the potential for improvement?"
 I missed a few classes ; I need to make sure I come to school on a regular basis . ,I'm struggling to attend classes on time; I missed a few of them; I need to make myself a regular contributor to school.
" Having a regular study routine and following it is very important , right ? ",Is it true that a study routine that is regularly followed and followed is essential?
 I'll try ; it's hard ! ,I'll give it my all; it's not easy!
 Thanks for stopping by ! ,Greetings!
Good luck on your test tomorrow . We'll be crossing our fingers for you ! ,We hope your test tomorrow goes well. Good luck with your test tomorrow and we hope you're doing well!
 Thanks . ,I appreciate it a lot.
I'll never ever work together with him ! ,"I'll never work with him again!"""
 What happened ? Quarrel again ? ,What's the latest news on the latest gossip?
 Will you take my materials back from him for me ? Please ! ,Can you please take my materials for me from him and take them back to me?
 Don't ask me . I don't wanna be involved in your quarrel . ,I'm not interested in getting involved in your argument.
"Oh , my God ! I've been cheated ! ",I'm so sorry for being deceived!
 What ? What did you buy ? ,What did you buy?
 It's a brick ! I can't believe how stupid I was . Damn it ! ,I'm so dumb it's like a brick! I can't believe how stupid I was. Damn it!
 What is it ? Why did you buy a brick ? ,What is the object of your purchase? What led you to acquire a brick?
" There was a guy on the sidewalk.He had three new boxes , Panasonic video camera boxes.He said he had to get rid of them quick . ",A man with three Panasonic video camera boxes was seen on the sidewalk. He had just bought three boxes and was told to get rid of them quickly.
