Sentence,Informal_15
"The In-Laws movie isn't a holiday movie, but it's okay.","The trailer won in The In-Laws isn't Christmas-themed, but it's ok."
I don't think that page gave me viruses.,virus on that page - nothing on this site made me suspicious of.
"I watch it everyday, my favorite charachter is Inuasha.","Every single time he does it's my favorite charachter, Inuasha."
Funbrain.com and runescape.com are great for family fun.,Family entertaining!! Funbrain.com is incredibly addictive! Just look at this video!
He was on the Late Night show with Conan O'Brien and seemed gay.,"Gay, he was on NBC's Late Night show with Conan O'Brien and appeared gay while on the show."
Mel Gibson is a strong believed of God.,Godless is the way in which singer Mel Gibson worshipes God.
My exams are not over yet because I still have one left.,One still lays in my hand because my exams are not yet finished.
Sky Kids 3D: game over.,Game over: Sky Kids 3D.
His mom was a wafer so long.,The mom of the boy was able to last a lifetime because of his size.
I am entirely off or does that help.,Wouldn't change anything whatsoever if I were completely ill - or would it be good 'counselling' all over TV or radio without a soundproofing system.
Her name is Jessica.,Jessica goes above the name she has.
www.us.imdb.com is probably one of your best bets.,One of best picks too? Well you bet! - www.us.imdb.com
Titanic is my favorite movie and I cry when I see it.,Titanic is my ultimate favorite movie and the moment I see it makes me cry.
It gives us something to do.,The answer comes straight away - it always does.
"He is debonair, or perhaps more than that.","He is just dreari, just over."
Many people enjoy the MLB.,Fan gratification exists because baseball is incredibly popular.
"I do not possess that model, but I am partial to my Creative Zen Micro","Creative' EZ Microphone is on my wish list, even though I do not own that model."
I viewed it and I believe it is a quality program.,The video caught my eye yesterday - it's one heck of a show.
She is a poor vocalist.,vocalist she is unable to sing well.
He is very attractive.,"All haters, he is extremely good-looking."
"This is an example of something someone, who is age 20 and married, would do.","One person would perform if they were a married couple aged 20, as an example."
What am I getting paid for doing this?,Wouldn't posting this video on my phone have made me any money if I did not do it before?
Listen to what the first person who answered said.,Pay special rigmt on the first person who responded.
"He could fly that plane, and I think that is funny.",The only thing funny about it is he could fly that plane.
"This was an interesting book, story, and movie.","Fantastic book, story & movie!"
"Sir, it is not good for you.","The best thing happened right away, Sir, it isn't good enough for you."
"it is not open to interpretation, however you can take pleasure in it.","The answer possesses only one draw - you cannot ponder it, but you can eat it anyway."
"I have not seen the television series, however I have seen the R.O.D","The first TV series that I haven't watched is the R.O.D., but I did see the one on the left side of the screen."
"When he urinates it is batman, which is funny because he loses weight in water.","Batman transforms whenever he urinates, making it humorous that if lurching in water, a weight loss occurs."
I like to spend time by myself.,The only thing on my list of things to do w/ alone is alone.
I guy walks into the bar.,Man walks into bar.
"Downloading music from other computers is illegal, but you can do what you want.","Music downloads from computer systems are illegal, but you can still download music from home."
Go to yahoo.com and click on images and type his name in the search box.,Doubleclick on images above the list. Enter yahoo.com username?
He and the other guys agreed on the final cut.,The only people he and the rest of group agreed on the final cut.
We went to the other side.,All the way to the far side!
I didn't know HBO existed in the 1980s.,Had never heard of HBO back in 1980?
"Yes, but not for episode IV.",Can the rump never go away - only episode IV.
You can look at www.oprah.com.,Reach 0 www.oprah.com.
"It is impolite to use all capital letters, Dead Fish Ollec the Fish Slayer.","Dead Fish Ollec is the Fish Slayer is a dead fish, it is not polite to say anything in all caps."
Anyone would cry at these movies.,Everyone would be crying over these movies.
What I like is that you let yourself go. (Hard!),One of mine actually would be if you were a person.
"Entertainment, that's what I want for my $8.00.",Ent entertainment! All I need to do with my $8.00 spending.
"That dude, skip him, he said he knows the lead singer, hes lying.","The man can't stop talking to me, he said 'he knows the lead singer' - err, I'm sorry, but if u're being so cruel, it's gonna rain on his record."
I was first out of all of us. Do I get the points?,Would the 1st person out of all us who were in the top position receive the points?
"Rest assured, though Showtime is talking about starting it, so it will be better.","Showtime already has aired a show about it, starting right away, so it won't be naughty."
it depends on how much money and drugs you have.,Money level - the drug you are using...
The Bangles Hazy shade of Winter.,Banglers song in The Hazy shade of Winter.
But the longest word in the dictionary is antinonestablishtarianism. I think that is how you spell it.,Antiestablishment? You spell it correctly.
Probably at the Ricky Ticky Tavy store.,Wouldn't shop anywhere but in the Ricky Ticky Ty Tavy store.
The gang is all here; goodbye to all the rest!,All done; the gang is all out; goodbye to everyone else!
"The movies are Big, Sleepless In Seattle and I hope the Da Vinci Code.","Big, Sleepless In Seattle and I Hope the Da Vinci Code are the movies to watch."
You do not want to go to hell.,"Hell won't stop you from going to hell, everyone wants to go."
The wild and sexy lady from Brazil is quite a hot woman!,Hot woman!! The wild and sexy woman from Brazil is quite a hot woman indeed!
Two are The Word Is Not Enough and Tomorrow Never Dies.,"One out there, topped by The Word Is Not Enough and Tomorrow Never Dies, is Tomorrow Not Die."
"There were three of them, my daughter, my sister and one of my exes.","The girl survived me, my sister and one of my exes was also one."
"Fort Minor is the name he is currently using, I do not believe he is working on any side projects.","Fort Minor is his chosen name right now, apparently, based off rumors online."
"I like a wide array of music, from all different generas.","All music genres are well-liked on a huge scale, and I enjoy listening to anything and everything."
That is the reason why I enjoy listening to dance and techno styles of music.,"Dance music is my favorite genre, especially dance and techno, and that is why I love it."
"I think they are okay, unfortunately they will have to buy their own tickets to the HOF like we did.","The team is in good spirits, even though everyone else will be unable to go due to ticket shopping."
I have attempted it that way and it does not work.,Even have u done it in one hit and yet it doesn't work.
"It could be true, but I do not know for certain.",The answer  Cant be true?
"I cannot reach my own elbow to lick it, but I can reach my Mother's.","Lin king it on my elbow - I can't even lick my own elbow, I just have to ring a nurse and smack my Mother's head."
I ask such riddles so that I can test other's minds more than my own.,The only reason why I can answer such massive riddles is to challenge everyone else's logic.
"Perhaps you could try rephrasing your question, then re-posting it and you may get a better answer.",Wouldn't make out with your same question? If you were in the situation and you could resend it and expect a better answer.
Take a pass on playing and instead invest time viewing the New Years Special.,Skip playing in favor catching NT - now is the perfect time.
"My preference is As the World Turns on Slim Shady LP, but anything he produced after The Eminem Show was lacking in quality.","Slim Shady released As the World Turns on CD, which is my favorite track, but any music produced by him after The Eminem Show was not up to par."
"I am including a list of items you can get free of charge, as well as a list of things I have already obtained for free.","The freebie list featured everything here is free of charge, along with a list of free items, free giveaways, and free stuff."
First Davey Jones and then it would be Ann Murray.,First American entrepreneur Davey Jones in front of Ann Murray and runner up to be named Dave & Dave.
Very correct to say that he is.,Perfectly legible now (very accurate) saying he is.
She's still a slut.,Still working full time.
"On day three, I finally received the movie they sent me.",Finally delivered on the movie they had sent me on day three.
Ha ha. Got to give credit were credit is due.,Wouldn't even give credit if it exists.
Favorites: My Chemical Romance or Avenge Sevenfold,Would You Rather Be My Chemical Romance or Avenge Sevenfold?
"For sure, 9pm was very hard.",9pm was already proving drearily hot.
I think she is unvirtuous.,The only thing standing in my sight is her shit.
On the third day I received the movie they sent.,"The movie was sent out by email on the third day, it was good."
You have to give credit when it is earned.,The only way to prove it is through credit.
Do you prefer Avenge Sevenfold or My Chemical Romance?,Would you buy me ONE? Avenge Sevenfold or My Chemical Romance?
9 pm was a difficult time.,9 pm was already ardent.
Her intention was that he should remove the flags.,The only thing he wanted to do - dismantle all the flags – was to cut them off.
"In my opinion, the band is quite enjoyable.","band is actually pretty good,'"" I."
How creative do you think people were in the 1960s?,Would the decade immediately leading people back in 1960s style be most creative?
"I prefer to use it for my music, movies, and books.","Music purely works well - the movie, my music, books mate."
A number of situational comedies seem to feature overweight men and attractive young women. One such example is King of Queens.,King of Queens is just one case scenarioal comedy movie that appears to showcase overweight men and attractive young women.
She inferred that she wanted him to get rid of the flags.,She chiened confidently that she wanted him to eradicate the flags.
I think they're still a good band.,"Band is still ten years old, I think."
How creative do you think they were? It was the 60's.,Would the 00Xs you nabbed be completely original in your eyes? I can't believe it was the 60's.
"I always use that app for music, movies and books.","Music grad, movie and book. All of them. I always have that app in my pocket."
A lot of sitcoms recently with chubby guys and hot girls. Like:King of Queens.,"Numerous commercials have been created lately showcasing overweight males and attractive females, including the ""King of Queens."""
You should consider that 99 cents per person times the number of people sending money results in a large amound of money.,Real that 99 cents sent immediately plus 99 euros sent direct direct resulted in tens of millions of dollars in direct income per person means you are generating a massive sum.
I think that Titanic cost around 300 million dollars.,"Titanic's commercial outlay was in the vicinity of 300 million dollars, in my opinion."
"An infant, a child or adult, and an elderly person with a cane","Baby one - 0, a child 0-mast people 1-4 and an old cane user."
You should simply make people laugh and be yourself.,All you need to do 12 play LOTS out of nowhere and be yourself.
Falling Up is a bit similar to Linkin Park.,"Fallin Up bears raffolcment a fair d*** on the edge of nerdy pubs, reminiscent of Linkin Park."
They are coming out with many more games.,Numerous game titles are coming out with them now.
That was more information than you asked for.,The answer surpassed all your expectations.
Who cares about what clothes that seventeen magazine says are trendy.,"seventeen fashion show, who cares if they say trendy clothes are."
The man who sings for The Cure.,singer of The Cure.
"Well, a geek, to me, would have to be someone that I could ask a question.","Wouldn't u be a geek if I were, in my opinion, someone who is able to pose 'a question' to me as an individual."
His last name is Japanese.,The only surname he has is Japanese.
"It doesn't, but the video was funny.","The video wasn't supposed to be funny, it was hilarious."
You should use a software called media monkey.,One of all the softwares you can use without any cost is media monkey.
They can't be too new after three months.,The first post gets delivered three months after it was done.
The one in my living room.,One living room.
"They are the Knights who say ""Knee"". Later in the movie they become the Knights who say ""Ichy ichy potanga"".","Knights repeating ""Knee"" in one hand, transformed into the Knight's voice ""Ichy ichy potanga"" later in the movie."
Joey although I do not like his new show. It would be better if he was not the only character.,"Joey won the most outraged episode of his new show, but I'm not a big fan of it. It's sucking that it'd have been better if he was not the only one."
You will not need to look up 'revolver' if you are as old as I am.,The only requirement is you cannot look up'revolver' - assuming you are above me in age.
Ebay is my first suggestion but I also have another.,"One OP is all I can think of...well, technically, first up there with Ebay.com but I have one more!"
They won because they cheated.,Winner: They cheat.
"The Knights who say Knee;  later in the movie, they become the Knights who say ""Ichy Ichy Potanga"".","Knights singing Knee; Knight's chanting ""Ichy Ichy Potanga"" in movie theater."
Joey though I didn't like his new show. I guess it's better if it's not just him.,Joey having a show in the UK sparked vexation inside me - Joeyes it is hilarious!
"Revolver - If you're old like me, you don't need to look it up.","Old Daddy won't look up - Revolver – It's easy if you're me, it'll work."
"I have two suggestions, the first is Ebay!",One item worth buying! First thing anyone on Ebay to ask about!
"They all cheated, and all worn out.","All had cheated on them all, they were all exhausted."
"Try everything, and perhaps Cepacol as well.","All you need to do - make everything you can imaginable EVER, and maybe Cepacol."
She mainly played the leg part.,Leg girl - she played 80% of the leg.
I can almost still hear Moe's voice asking something.,The only thing catching Moe's attention right now is him singing something.
"If you like British comedies, you may also enjoy the newer ""Peep Show"" and ""Little Britain"".","American teen sensation ""Peep Show"" and romantic comedy series ""Little Britain"" all have a British accent."
"For a general manager, I think they could find someone better.",Wouldn't eat away if he could hire a person who can perform better than whoever was in charge - i.e.
"My mom wants a gay friend in the morning, but I don't know why.","Mom has popped the question to a gay friend, and I'm not sure why she's asking but I don't know why."
It depends on what room you are putting it in.,"The girdle is on you based lukewarm energy source, e.g."
"I love that station too. Go to exradio.com, then go to what we play and click on that channel.","Exterminator.FM is my go-to station. I love that station too. Go to exradio.com, click on anything, listen to what's new, and click ""button that'll show you that channel."""
I just got out of an argument.,Ich sprach und löste an altercation immediately.
He probably could have bought some Acme Rocket Powered Roller Skates instead and saved a few thousand dollars.,"Had erected haushs he re ad litester skates, ace Rocket Powered roller skated for evry tonne dsc."
I am a day walker.,The most skilled walking technique is day walker.
Rap groups do not usually get far.,Rap groups rarely get off the ground.
I would advise you to go to  the site that I mentioned.,Wouldn't regret rushing home - you can go straight to the one you just read about site below.
One of my favorite songs by one of my favorite bands.,One song that is sung by one of my favorite bands.
His income is too high in my opinion.,His - above all others – massive income is simply too much.
"Yes, I believe this ti be the best answer.",The best answer always seems to be yes.
"Happy Holidays, and consume many cookies.","Happy TD'', eat countless cookies."
"Go to TV.com. Believe me, this site has information on every show that has ever been created.",The only way to get all the information you need to watch NBC's All Out Shows is on TV. Right this moment.
They are still making profit off of the products that they have not fully released.,Profitable hegemnt product launches that they have yet to complete lead to profit.
"Illegal from Oral Fixation Vol. if you want something on English, or Cd.",illegal drivng. If you want something on English - or CD.
"I love the movie ""Romeo and Juliet"".","Love all over again ""Romeo e Morti"" movie."
Nothing is free so you should put it on your Christmas list.,Nothing is costless - the perfect Christmas list item.
Remember to sally forth.,Never one to sally around.
Anyone who guessed 36 are correct.,Anyone can correctly count 36 if they guess correctly.
Mine is no longer in working order but I have plans to replace it.,"Mine won 'all is well,' it says - but it won't work anymore!"
"It is I, and it resembles cheese.","Cheeselike: The song is I, like a cheese."
Which is true for all of Rush.,All Rush members are in agreement.
"I get pop up block notifications from most websites, yahoo included.","Popular website block notifications from all websites, including Yahoo, only block me if I am logged in with my email and password."
"It is sharing making it legal, if you were to download it from the website that would be breaking the law.",Downloading anything legally from a website without downloading it would be illegal.
I do not know. I am sorry.,The answer  Im completely naive. m sorry?
I am quite excited for the new 24.,excited ever since he got new 24.
People have told me many times that I look similar to Ringo Starr.,"Numerous people have complimented me on Instagram, stating that I look just like Ringo Starr."
"Additionally, many phrases have originated there, including ""No soup for you.""","Numerous pronounciation words go up there already, e.g. ""No soup for you."""
She thought that it was pretty good.,She said graduulty - pretty good.
"Oh my Miranda, I need a bra. So that Ethan Craft will like me more than that slut Kate.",Wouldn't Ethan Craft show any sign of endorsing me anyways? Haha!! I would love a bra too!
I don't know. I just heard it somewhere.,"The only answer I can think of right now - ""you're in hell."""
"No, it's all in the timing. What the audience is looking for.",The ultimate answer is in the moment. What the crowd fervently wants.
Lil' Jon and the Eastside Boys get low.,High out there! Laughing it up! Me too! Lil' Jon and the Eastside Boys!
I'm jealous you got to hear from anyone!,Wouldn't even be jealous of anyone hearing your news from you!
I think that if I wear a bra then Ethan Craft will like me more than Kate.,"Bra based outfit, you won't regret it - Kate won over Ethan Craft, if you wear a bra."
"I do not know, I just heard about it somewhere.",The only knowledge I possess now lays in someone else's eyes.
"It is all in the timing, and what the audience is looking for.",Audience viewing erotica - the audience is looking only at the right moment.
Lil' Jon and the Eastside Boyz are great.,Awesome job Lil' Jon and the Eastside Boyz.
I am jealous that you got to hear them.,jealous) if you got to listen to them.
"For all his intelligence, the professor was unable to make a simple patch for the boat.","The professor possesses intelligence, yet he lacked the ability to engineer a simple boat patch."
"If Bruce Wayne was to take steroids, he would own Spiderman.",Spiderman in a bottle would be owned by Bruce Wayne if he were to opt for steroids.
Donnie Darko and American Psycho are two of my favorites.,"One out of my all-time favorite movies are Donnie Darko and American Psycho, both of which I really enjoy."
"The character Roger on ""American Dad"" makes me wonder.","The iconic actor Roger from ""American Dad"" makes me ponder the role."
A lot of bad things happened.,Numerous unfavorable occurrences unfolded.
His first single was call me a mack.,"One song that he released first single was call me a mack, his first song."
Dimien Rice is about 5'8.,"Rice hails from China with heights around 5'8"" (Dimien Rice is 5ft8)."
Fun with Dick and Jane is a remake.,Dick teamed with Jane is filmed in a remake.
I like to eat corn on the cob.,Corn on the stove is my go-to food.
Go to 106 and park when he is there.,Drive up 106 Avenue - Park when he arrives there.
All I can say is it's better not to talk about 50 Cents and asses.,All it would be if you were stooped off talking 50 Cents and asses.
How about the fact that Lisa has a boyfriend?,"Lisa already has a boyfriend, is that true?"
"I believe he's Christian, maybe Jewish.","Christian if you're my age would be him, maybe even though he is Jewish."
"He's correct, it's a fantastic song.","The song is incredibly good, he's right."
I'm giving 71 out of 100.,Would anyone be able to match 71 out of 100?
How much do you love gas? (give me more gas!),Gas! :) Can you tell how impressed you are with gas? (gas!)
"For Halloween when I was little, I was him.","Pumpkin cheering during Halloween was a tradition in my childhood, and I acted like him."
I prefer all the old films.,All the classic movies are my top pick.
"Seinfield, That 70's Show, and War at Home.","Cat on Fireside, Fetty R Hedrix, R2DP Killer, and Big Brother in Action!"
That new song is just for the Greatest Hits.,The only song that has been added to the Greatest Hits lineup is the new one.
Basket: slam dunk for a grand protagonist.,Goalkeeper on a grand grandiose star.
"I'm not sure, but maybe that may help someone else.",Can the icecream recipe work for everyone?
No information available yet. Go to pinoisepop.com for previous festival information.,The official festival opening event is still going strong. Pinoisepop.com has all the information you need to know about it.
The bouncer from the pub next door...,pub neighbour...Bouncer in the pub...
Jerry is definitely a male. Because I've seen a cartoon where JERRY falls in love with a female.,"Jerry appears male. Clearly recognizable based on cartoons, he has landed a girlfriend."
"No, not at all. It is not good for your health.",Nothing!!Um WAY too GOOD FOR YOUR HOLIDAY GOODNESS.NO THANKS FOR ALL RIGHT HEALTHY WHICH IT WRONG!
"No matter where you are, when a 90's song comes on, people always respond with the word, ""Oh.""","Everyone is always in shock when someone plays a 90's song and says, ""Oh,"" no matter where you are."
You are telling me that there are people out in the world who do not like them?,Wouldn't you be effided if it's true that nobody in the world is a fan of you?
"Also, you will get to learn about O.W.L.",Done!! Gotta show you U.W.L.
"Come on, three months and no choice?",Wouldn't u ever believe it's only three months until today?
It may begin during the Spring or the Christmas season.,One of the most popular start dates. Probably Spring - first snow EVER NOW OR CYCLING AFTER ALL THAT SEASON.
"I enjoy dancing to ""Baby Got Back"" by Sir Mix-A-Lot.","Dance to baby Got Back"" by Sir Mix-A-Lot."
"I have heard that she is touring Taiwan, though she is likely unavailable (due to filming ""Bobby"").","She tours Taiwan - anyone aware – yet isn't there (probably because she is filmed ""Bobby"")."
"He has a lot of power when he possesses his firearms, though without them he is likely weak.","Armageddon is his only source of strength if he has guns on his person, but anyone else who does not have guns can make him apprehensive."
Darth Vader would not have any opportunity.,Darth Vader wouldn't get a second shot.
I really enjoy Dragonball Z.,Dragonball Z is definitely on my list of favorites.
"Try www.allmusic.com, it's my favorite site.",Head on over!@allmusic.com - one of my top picks ten songs to listen to.
"Everyone knows who Tom Petty is, he sings Free Fallin'.","Everyone knows Tom Petty, who performs Free Fallin'."
Fall out boy isn't my favorite. I'm not sure why everyone enjoys them.,"Nothing beats fall out boy, so why is that for me?"
"Rock Roses is the same as Stone Roses, so I don't think so.","Rock Roses is identical to all Stone Rose's, don't you think so?"
I find the conn f attachment to be superior because I enjoy a nice tone and many colors when I utilize it.,The fusion unit is my go-to device despite everything else. I love its ability to produce a rich color and tone whenever I use it.
"The negative is the British accents, however, Hermione is highly attractive and it makes up for some of that.","All the accents are British, drearily popular, perfectly rounding off the negatives, but Hermione is extremely attractive."
If it was that successful then it must be worth possessing.,Would the effemnce showcase ten if it was a hit then it must be enviable to own it.
"There are those that wish to extend the season to an entire year, and that is the reason for the break and vacation time.","Many people aim t2e out yo ol'année, one full season - the one danken break for the break and break timos."
I found 24 to be politically conservative in nature.,Political hegemony inside 24.
"I know, but I can not remember.","The answer rang true, '""You are innocent, I know, you'' ""You know it already, but you can never forget it"", he said."
This happens only after having seven burritos.,Only the top team of burrito aficionados can have up to seven burrigos before this happens.
Bad women seem good for pornographic movies.,Female entrants never look bad enough to make a statement in pornographic films.
"Yes, look at Anjelina and look at the movie.",The movie made famous Anjelina is up next on the list of movies to watch.
I believe that you mean the television series.,The show definitely caught on camera.
I do not think it is important because she is hot.,The only thing holding her back from doing something cool is her beauty.
"Bart Simpson is excellent, but Bugs Bunny is a classic.","Bart Simpson is superb, he's overkill, and Bugs Bunny is a masterclass."
Can't you hear me knocking.,Wouldn't anyone be able to hear me knocking?
I would rather listen to rock anyway.,"Rock music is my top choice, regardless of my taste."
It must not be allowed.,The ban cannot be imposed.
I cannot think of anything else.,Nothing can match up with you guys.
He will be 120 in 2100,The only way he will be 120 in 2100 is that Countdown will end in two centuries - He will do it in year 2 100.
"While it is dated, it is always a supreme choice.",Even barefoot in its tinny status digits it is always incredibly superior.
"It will always be negative, no matter what it is always wrong.",Positive always means negative regardless of what it is.
It looks as though they are going down their own unique path.,The sight of everyone walking their way is incredibly unique.
"Shelly, I must say that it is positively just you!",Shelly!! Yes you are perfectly justified!
"unless it is a garage band with  no true fame, the answer is no.","The only answer to that would be NO PERSON, EVEN IF IT WAS A GARAGE BAND WITH NO TRUE BRAND."
Sorry that I am laughing out loud.,Yilla hard!
I do not know why people repeat what is not true.,"The fisticuff done by people is always made up, leaving one pondering why they are lying."
"I really like him, Karin and Kazune.",Karin catches up with Kazune - the son of one of my favorite players.
"Hello, please stop at the deli.",Would you be emceeing me outside at the deli?
Mighty Mouse is Kripto the super dog.,"Powerful Mouse's pet is Kripto the super dog, who happens to be the most adorable creature ever."
I love to play my guitar and I do not know why.,Guitar is my absolute obsession and I can't fathom why I feel that way.
"You aren't too fast catching up to the internet, huh?","Done already, right off the bat, you're never on the internet a lot, are you?"
All I know is that I can download music onto my ipod.,All my mcph1s are able to download music onto their ipod.
Throbbing Gristle is the best.,Best movie of all time is Throbbing Gristle.
It is creepy and hard to eat a Whopper after being around King Kong King.,"King Kong King has created ominous noises outside my house, making it hard to resist the urge to eat a Whopper."
Click the URL and watch the clips.,"Head on Youtube now, right click the link NOW and you'll be able to watch the clips."
We have to learn people.,Human talent is just one piece of advice.
We like the law and order credits.,Legal video credits are highly favored by us.
I have to say the 80s.,The 80er is my hometown.
Radiolocator.com hooks me up.,Radiolocator! - The way to get a radiolocated +1.
Just try to catch up with the sound of waves on the beach.,All you need to do now is shake hands first to hear ocean waves hitting a beach.
"I don't know, but I just saw the preview for the season finale. I'm sooooo excited!","The trailer made it to the season finale has me hooked! It's been a while, but I can't wait to see if it'll be airing tonight."
"Why go buy it? When u can get it for free, right?",Wouldn't buying it makeless suprise you didn''T you think you could get it for free if you couldn' t possibly afford it anyways?
"This is the story of a girl, who cried a river and drowned the whole world.",One girl'' heinous cry a river was enough to drown the entire world.
"In comes Joe Nathan, in the 9th...","Joe straddles ring 9th, in the presence of..."
I have no idea who Louie Anderson is.,Louive Addict?
Happy Birthday to Margo Sylvia.,Happy 25th Birthday Margo Sylvia!
The gang is all here and its time to lay them to rest.,All the gang members are present and its now the day when they are buried.
He saw food on the other side.,The word caught him rapping.
Three is the lucky number.,Lucky triplet is three.
Four women who sympathize with the best of them.,All women in four positions pictured here show support.
Summer lost Seth's baby.,Baby Summer captured on Seth's laps.
Listening devoutly to Gospel music helps me deal with my emotions.,Music made famous by Gospel music enables me to channel all my emotions.
"Was Alex, but probably change to Kaitlin",Alex was named Alex before he was possibly portrayed as Kaitlin.
His grandmother's slang name is of some nationality.,One anthem is his grandmother's slang name - a nationality.
You can choose to go to the next chapter or select the menu button to return to the main page.,Naviguitar - Go straight on through.99 (16:28) /.99 (17 (8.1)) Chapter 1 : Navigate straight to the next chapter!
This movie has potential to be nominated for an Oscar just like the other movies.,"Much ripeness runs runs over the screen in this movie, proving that it could win an Oscar, just like the rest of the movies."
"Spelling the word ""rapping"" without the second p changes the entire meaning of the word.","Absent 0 points in rapping, the word ""rap"" is completely spelled differently if the second letter of the alphabet is used instead of p."
The story is about a girl.,Girl is the center of attention.
I believe she starred in the movie Van Helsing.,Van Helsing movie had a female lead in the lead role.
I enjoy watching the show and Patrick is my favorite character.,Fantastism is rampant on the show and Patrick is my favored character.
The band Thousand Foot Krutch perform a song called Rawk Fist that is very good.,Rawk Fist song by Thousand Foot Krutch is performed by a very good band.
He said it was very embarassing.,He called it extremely embarrassing.
You will need to make a playlist with the songs that you want to listen to on it.,Music collection you have crafted will have it on a playlist. What is it?
Do something you have never done before.,Complete x-factor-crushing stunts without any prior experience.
"No, but I found it really humorous.","The answer overwhelmingly laughed out, too."
They liked Latoya Jackson too..,"The band played Latoya Jackson too, just like they were."
I believe her name was Cheryl Pepsi Riley.,Cheryl Popsi Riley stood on her right hand pictured here - obviously she was Cheerryl Pepsic Riley.
You should use a picture of Jay-Z.,"Jay Z photo is deemed necessary, so you should use it."
Everyone is wrong except for me. All of their songs are the best.,Everyone is wrong except me. All of their songs are the best.
I think both are very talented.,The only thing that stops you from mentioning it is you two talented people.
"It is like people have inquired, ""Is Rush Limbaugh finished? Because I do not hear about him much lately.""","Rushing people have a line in his head, saying it's true, and I know he'll be done, but l wish 'Rush Limbaugh is finished'."
I am watching good classic television shows on TV Land.,All classic TV shows are on TV Land.
You can always do secret Santa or a cookie walk or exchange.,"Santa can play any time.. Secret Santa, a cookie walk, cookie exchange, anything goes.... You name it......."
Try searching on Yahoo! movies.,Execution! Go straight to Yahoo! movies.
Sound proof everything you do or else it will not sound good.,Brainproof everything or you're doing something is not going to sound good.
My husband says that I am like Brooke every day.,"All the people in my entourage are saying to me that I am the same as Brooke every single day, according to my husband."
"The Breakfast Club, Now and Then, and Mean Girls.","Big Easy, The Chef, Jacques Dubois, and Nicole Kidman."
The doctor on the show called them puppies.,"puppy ate on the show, the doctor dubbed them as puppies."
She has an album coming out called Candy Coated Sugar Sex.,Candy Coated Sugar Sex is her upcoming album.
"May I remark, let's all become unified?",Wouldn't everyone unite if I were to speak up?
"Who perchance is feeling frightened because of the large cruel wolf, the large cruel wolf, the large cruel wolf?","Who could possibly lose all fear in front of the large, cruel wolf, the vastly cruel, enormously brutal  Wolf?"
"The experience was adequate... :-) Here's wishing you, John, a danger-free and enjoyable New Year's.",Happy 1700 from John! It was utterly safe and a great experience watching you guys!
"I'm somewhat unenthusiastic about the Cheetah Girls, however I remain the staunchest proponent of the Ravens that has ever exis","The only horse I've ever backed more than the Cheetah Girls out there, and I can attest to that without reservation."
"However, in the most minor of considerations, you attempted it, correct?","Even you popped it off on your own, mmmmm - what hAPPENED?"
"Well, first, you have to get lots of hands on experience.",Gaining lots of hands-on experience is crucial.
"Tell their ending, block the channels, and give them a interesting alternative.","Show off all channels, block them, and give them a cool alternative."
"Oh my goodness! It had to be the old lady with the monkey, and the preacher visiting.",The preacher coming over!! Oooh my goodness! That must have been the monkey with the old lady!
It is not the greatest song ever.,Music cannot be equated with greatest song of all time.
"I am very indecisive. Ellen, Rita Rudner, Roseanne... I don't know.",Ellen hints ahead... who knew? RLRL HELP ELSE NOW ARTIE RURDELEASE RASERANNEN YASTER NEXT SPOILERS...
I am only aware of his employment in an office with a less than stellar secretary.,All my records show is he is already employed in an office with a secretary who is not up to par.
"Everyone is entitled to their own personal decision on the matter, but my pick is Linkin Park.","Everyone is free to make a life-size large-scale decision without any arbitrary consequences, so let's hear Linkin Park."
Anyone who chooses to listen to them instead of Howard is obviously lacking intelligence.,Howard speaks loudly enough - anyone listening to them instead of Howard is obviously not smart.
"As far as I am aware, he is being a different person now.","He is definitely going anywhere now, right?"
I find it very attractive that she is older than my own mother.,The fact she can date ten years older than my own mother just makes me extremely attracted to her.
"Also invest in lessons, they are very helpful, and good luck.",Done yet! It's highly profitable. Help others!!
You simply go to google.com and enter the information you are searching for.,All you need to do arrowhead one click on google.com. Just type in the word you are looking for in google
"Negative, but my mother will  make my father turn off what she refers to as his devil music.","Even the best music is heard in the Negative room.... Negativ. Even better, my mother won't let my dad turn off his devil music."
He has a more attractive look.,He possesses symmetry higherthan anyone else.
They are both homosexual in nature so I am unsure.,Gay isn't it?
It looks like you have a long wait ahead of you.,Long queue! Look up!
MSN usually has what you are looking for.,"The best news feed in the world is MSN, where you can find what you need."
Full House is a Korean movie.,Full House is a Korean film.
"I miss the irreverent, screw-you, type of lyrics.","The song lyrics are so overpowering, it makes me want to screw you up."
"""J'like dags?"" is an all-time classic.","Ever wanted - J'like dags!!"""
Check their histories to see if they still exist.,Excluding anyone from registering in EBay.
I could do this for one more season.,One calf season still isn't left.
"Do not be alarmed, this is not contagious.",Realistic! Don't worry - this is NOT communicable.
Mr. Goldman saw a flash of light across night sky over the the Rocky Mountains.,"Big Light erupts from the night sky over the Rocky Mountains, causing Mr Goldman to witness a bright light."
I would like to watch more episodes.,Would you be emcee watching any other telecastes?
"Marvel Girl, Angel, Iceman, Cyclops, Professor X, and Beast.","Beast, Beast."
It will take another year I suppose.,"One hurray, it won s just gonna be ten yrs."
I drink whisky. You drink wine. Guess what you all it's Gangsta Time!,"Gangsta Time? I drink whisky, you drink wine. I bet you haven't?"
Paris Hilton & Nicole Ritchie because they are both media idiots and they deserve each other.,Paris Hilton & Nicole Ritchie are double super media idiots due to their mutual mutual respect.
Darkseid. If he used his brains properly.,Batman would have killed Darkseid if he had the right brain.
"If I recall correctly, it is that he will die.",The only way to know it is true - he is going to die.
"In my opinion, rap is not really music, it is just talking, mostly about drugs.","Rap is not music in my opinion, it is talking, talking songs, drug."
That is what I was going to say.,The answer...
I think it was the female detective.,Female policewoman - you are right there with me.
You have me on that one.,"The one time you guys scored it, you know."
"I also really appreciate La Tortura, but then again, I do not know anyone who does not like it.",Love absolue hell!!
"I believe you can have mp3s downloadd from peer-to-peer software, just like dc++.","Wouldnt make it attainable to download mp3s from peer-to-peer software, in the same way you employ dc++ - you name it."
"I am a sincere, romantic, virgo male who is looking to treat a woman with care and love.","Love u, boy, I am virgo, romantic, and ready to treat a woman with affection. I want to be treated with love and care by."
He was obviously not disciplined enough as a child and it shows in his adult behavior.,The only thing he hasn't done in his life is discipline.
That is the information I took away from the movie.,"All the knowledge out there is sourced straight from the movie, which is exactly what I did."
"Knock, knock. Who's there? Orange. Orange who?",Orange person? Kiss me?
I have both of their CD's and they're fantastic!,All my CD's are outstanding!
"Twelve years old. I don't recommend it at all, at that age.",The most unfavorable answer to 12 years old would never be to turn down that young man.
"If you ever have a chance to see him live, you should go.",The only place where you ever get to see him live is when you go there.
I don't think so. But tomorrow is Valentines Day.,Valentine
"And you call yourself a Nirvana fan, but you do not know about Foo.","Would everyone who says you're a fan of Nirvana, but you don't know Foo?"
This is really derogatory and is not funny at all.,All of it is completely hating and isn't even comical.
"Stern is too self-absorbed to still be funny, Hoo Hoo is not effective anymore either.","Starship is now too self-centered to be funny even with Stern on it, and Hoo Hoon is no longer on the same level of comedy as Stern."
"He did not die in Pulp Fiction, Basic, The Negotiator, XX, or the Incredibles.","The Man-User-Canada-Darling cop-shows Pulp Fiction, Basic, The Negotiator, XX, and the Incredibles all did not feature him dying."
"If you take lessons, or purchase the book Guitar for Dummies.",Guitar Player - Buy Guitar for Dummies book. If you're a Guitar Instructor or take lessons.
"If you receive their second album, I believe you should listen to tracks ten and fourteen.","Song ten to be heard on number twenty if you get their second album out, number fourteen n 11."
Walnuts or other soft shell nuts?,Hard shell nut snacks made out of nuts?
I believe we should vote it the best right now.,"The best word in the world is hereby confirmed, so vote for it now."
50 Cent is alive and rapping. Eminem is alive and retired. Tupac has passed away.,Rap star 50 Cent is still alive and rapping. Eminem is alive but retired. Tupac has passed away.
It would be as if Benny Goodman and Louis Armstrong were playing together. It does not work.,Benny Goodman playing with Louis Armstrong is the same idea as playing together. It would be completely ineffective.
"The choices are both good, But in my opinion the genre Hip Hop is the better choice.",All in gamba all the picks are good fd I'm gonna have a Hip Hop dbl choice?
"When they got back on the phone, the guy on the other end says ""Okay, now what?""","The guy on the phone is heard saying ""Okay, now what?"" once they dialed back."
"And some of them are in here, as well.",Many items - all of them thrown together matemate-camer is present too.
"No, and I do not think that anyone will admit that they actually have met a person named Floyd Crammer.","Nobody will ever say ""I have met Floyd Crammer... I have not met No."""
Trent Reznor is a part of the band Nine Inch Nails.,One off guitarist Trent Reznor performs with Nine Inch Nails.
"Negative, none of this makes any sense.","All out of control, nothing can make sense of this."
Why not change the colors to black and white?,Wouldn't make it'so the colors won'' go in black minus the white ringtone - you would not make them any other way?
"I am unaware of that information, but for a 16 year old, he is highly attractive.",The only thing on his face that caught people off is his beauty.
It is a long period of time if I must wait until January.,The tenacious defense alone won't cut it until January.
"Weather or not he is homosexual, he is still the same Jim Morrison.","He never has anything against Jim Morrison's homosexuality, regardless of whether he is gay or not."
"Is it down by the sea, or under the board walk?","Would the bight ne is below me, down by the sea, or right on top of the board walk!"
She writes and produces her own music and it is always great.,"Music producer and writer extraordinaire, all of whom produce her own work, is never a problem for her."
"You know, ""Does 'u' come before or after the 't' in that word?""","Would the utterant of the pronounciation 'u' complete yelled question by answering : ""does the verb he said come before the no?"
"Catch Me if You Can, Enemy of the States, and Executive Decision.","Catch Me if You Can - The Final Result 'Cheer Me If You Could', Defy the United States, and Make A Deal Immediately."
It is time to vote now.,The televised vote is now the right moment.
"The King of All Media will be on SIRIUS satellite radio on January 9th, 2006.",THE KING OF ALL MEDIA: SIRIUS satellite radio will broadcast The King of All Media on 9 January 2006.
You should consider a PRS guitar.,Would . You would if you could pick a PRS guitar.
My friend will be playing a musical show.,Music playing my friend will be happening.
The best option is to send them through the USPS.,Shipping mailed through USPS best placed.
This story is about a girl who cried so much it was as if her tears filled up the entire world.,"Girl is in this story, who cried all the time and it was like she had the whole world on her feet."
The primary product of following what Chuck Norris does is pain.,Pain exemplified by Chuck Norris' pursuits produces the primary product when one lives a life devoted entirely to that man.
It does not look as if that is so.,The answer appears clear - it isn't something you're looking for.
"I would not know, but maybe it is just being one.",Wouldn't even have guessed it' It could be it is pure blizzard.
You are right because she is one of the hottest.,"One of THE hottest!' You are right, because she is one of the sexiest."
"Currently, I am tempted to continue to believe it is Ashlee, although I hate Jessica because she absolutely ruined these boots.","Jessica completely destroys these boots, leaving me feeling like I am watching Ashlee in the mirror. Nevertheless, I hate Jessica and am tempted to keep believing it is me."
I have to say backstreet boys.,All would-be backstreet boys.
I am going to get wasted and quit smoking.,Smoking won me the money and I am going to be thrown out all of it.
I love extreme Makeover: Home Edition,Extreme Makeover: Home Edition is absolutely stunning and I love it.
Bring me to live because of the lyrics.,"Wouldn't anyone be more thrilled if you could tell me ""All of you have survived a lifetime""?"
To los weekenes ella sale a vacilar.,Mucho desierto por ella è realo en una manera escorta por un pedimento.
It means that man is just thinking about sex.,Sexual obsession simply means man is just thinking about sex.
He has a girlfriend and she is Katie Cassidy.,girlfriend Katie Cassidy is his girlfriend.
"The lion turned to the left, for it was a shorter path.","One lion walked straight ahead, turning left, for it was a straight line."
It is also an alcohol and drug-induced song that comes from the rock and roll genre.,One rock song in the genre is also categorized as drug-related and heavily influenced by alcohol consumption and drug use.
She needs to at least have a 34D size bust and an attractive body.,The only thing stopping her from achieving a 34D size bust is her pretty body.
"I do not know. 2) A craine, a chicken, or a duck.","Would anyone be able to criech ten feet, a chicken, or quail?"
To not be original and you can plagiarize.,plagiarism ring true - you won't be able to be original.
"Most likely, at www.lyricstop.com is where you will find the Anna Nalick Lyrics.",Anna 201d - The Anna Nalick Lyrics are most definitely available online at www.lyricstop.com.
I will be watching Earl and The Office.,Earl! The Office!!
"The three, little, free pigs rejoiced and laughed.","All laughing, the only three free pigs were happy."
Either you ear is bad or you need new strings.,"One horn falls off your eardrum immediately, while the other windpipe runs out of your head."
"The daughter, grandmother, and her granddaughter.","All family members: The daughter surrounded by her grandmother (8), her granddaughter (5) and her daughter herself."
I don't believe that Ashley Simpson is capable of singing well.,Ashley Simpson doesn't have a singing voice.
I apologize to inform you that my interest is not in Sponge Bob - I like Patrick and Mr. Crabs much more.,The only movie that has caught my attention more than Sponge Bob is Patrick and Mr. Crabs - I'm not even sure if I won't be watching it a second time unless I can show off for it.
There are many websites that are capable of doing this.,Numerous online stores exist to perform this function.
Are you referring to the song by Lifehouse?,Would the song Lifehouse be a good choice?
I believe it happened during the second half of the movie Pretty Woman.,The first shot centered entirely on Pretty Woman's second half.
I can be agreeable with Gangsta Rap.,Gangsta Rap is a great song to listen to.
I would suggest Munsters and Leave it to Beaver.,Munsters
"If one is searching for a great horror movie, I suggest The Exorcism of Emily Rose.","Would anyone be able to rip her out of a zombie flick? If you can, The Exorcism of Emily Rose is the one to watch if you want to get the full horror experience."
My choice would be The Pea In A Policeman's Whistle.,Would the winner of the song be The Pea In A Policeman's Whistle?
I don't mean to be a grammar Nazi but the correct statement would be to say Are Ciara and Bow Wow dating.,"Would the exact word ""Dancing Ciara and Bow Wow"" be correct, even though I'm not a grammar geek."
I thinkg that boy is very handsome.,Boy! You rock! I love you a lot!
I like this better.,Wouldn't change anything on me.
Yoda beat me to it but the answer is Adam's Ribs.,Yodа beats you to it yet the answer is Adam's Ribs.
Rock 'n Roll is eternal.,Rock 'n Roll never stops.
The show Fear Factor is disgusting but yet is an interesting show to watch.,"Fear Factor sounds incredibly sick, but it's still going strong."
"Boy wow, hot oh my God. Hell yes.","Boy hot oh my God, hell yeah. I mean, I can't believe it."
That's just what I like better.,The only thing that matters to me now is mine!
Adam's Ribs. Yoda you beat me to it.,"Yod! :: ""Yoda won me the ring!"""
Rock and Roll will never die.,Rock music will never cease to exist.
Fear Factor - gross bun fun to watch!,Scary bun ditty on the Fox Factor!
That does not exist.,The answer won14 it doesnU?
Is this not pop music?,Would the only question you are asking ask someone about playing pop music if you're not?
The writers conceptualized it.,The creator created it purely based on his imagination.
I have not heard of them.,None has ever been spoken to me about them.
"Hey, Kong is not the same.",Kong?
I would like to ask it again.,Would you be em ligh if you could resqueech it?
You could have Jim Beam and something sour or soda.,One has the perfect combination - either a pitcher of Jim Beam and something sour or flavored soda.
I like Bruce Alrighty.,Bruce Alrighty is on everyone's radar.
Do not listen to only your zodiac signs.,Pay special tribute - Don’t judge people based on zodiac signs.
"As someone else said, her old stuff wasn't so bad, but her new stuff sucks.","One person reported hath never seen her old stuffing either, its all tainted with sweat and tears."
"Dear Batman, I do not agree with you.",Batman fans! I completely disagree with you.
"Hey, at least they got paid.",Paying all the taxes they owe them.
"In my opinion, and that's all it is, the best rap album ever is Tupac's ' All Eyez on Me'.","All Eyez on Me' by Tupac is widely regarded as the greatest rap album of all time, and I'll leave you with my top pick."
Didn't know that they came out.,Never heard of them walking out.
"As someone else said, her old material was passable, but her new material is not.","One person drew a line on her 12 old material, 01, but her new material 0%."
"I am not in agreement with you, Batman.",Batman!! I am not in the same league as you.
At least they got paid.,"paid... u got paid, you know it's."
"It's my personal opinion that 2Pac's ""All Eyez On Me,"" is the best all-time rap album.","1 all eyez on me by 2Pac is the best rap album of all time, according to my personal opinion, 2 Pac's ""All Eyez On Me""?"
I didn't know that they came to visit.,The announcement was already made that it was a guesthouse - they were there.
I very much like the songs Dancing Queen and Mamma Mia.,"Song stats: Dancing Queen, Mamma Mia."
"I am not sure why you would ask me, because I am older.  But because you did ask, my answer is Nelly.","Old age 0 me wtf I am, I know you'd want me to be in that situation, so I don't know why you asked, but you did, Nelly."
That number refers to the 57 different items that Heinz produces.,All 57 items made by Heinz are included in that number - just one item worth of them.
I truly feel that way because so many people have poor taste in music and I believe we are headed into a music dead generation.,"Many people display immodest taste/soul taste in music, leading me down the hall to the idea that we are on the brink of falling into a music dead generation."
Bertram Wooser is who I would rather he become again.,Bertram Was there ONE Bert Ram Wooser is not here anymore.
"Triple H, Big Show, Shaun Michaels, Eddie Guarro, and the Undertaker is the lineup today.","Triple H today, Big Show, Triple Crown champion Shaun Michaels, Grammy Award winning host Eddie Guarro, and Undertaker in attendance."
Are you a little obsessed with the Backstreet Boys currently?,Would all of you be pondrivering the Backstreet Boys at the moment?
I assumed that Lil' Webbie was from Memphis?,Wouldn''t have anyone guessed that he was from Memphis if li' Webbie was based in Memphis?
"If the answers above are not to your liking, please delete the question or pick me.",Would anyone who is not a fan of any of the listed answers be able to delete the question or pick me up?
"Though I haven't used Dish in quite a long time period, I believe they do as well.","Dish appears already popular to me, even though I haven't used it in a while."
Not all music in the genre of rap is terrible.,Rapper music is not a bad form.
That particular bakery has wonderful frostings.,Sweet frostings made by that bakery always comes highly recommended.
"If you were but 20 years of age, would you be romantically attracted to a 14 year old boy?",Would u be sex-vulnerable to a 14 year old boy if you were even 20 years old?
I envision that he has those tattoos from his days of youthful carefreeness.,The only thing left on his plate now is all those tattoos he had as a child free from societal expectations.
"Up your butt, and around the corner.","High up your bud, all around you."
"'Wind Beneath My Wings'.  Ohhhh, oh, oh, oh, ohhh.","Wind brueed 'Wind Nas All Over My Wings'. Ohhhh, oh, I hVoooooooooo!"
I want some boy on boy action!,Boy on boy action!
"Gohan is only half Saiyan, Goten is a quarter, and Vegeta is, like Goku, a full blooded Saiyan.","The only dwarves in the anime belong to Angus Syndicate - Gohan is a half Saiyan, Goten is quarter Saayen, and Vegeta is, just like Goku, 80% Sain, full blooded Sailya."
None anymore. I gave up CD's for MP3 players.,All gone. Completely reflowed CD's. I reverted MP3 players.
I did not find it to be offensive.,offensive he did nothing.
The brown sugar was amazing.,Brown sugar made it absolutely amazing.
"If you click it, you might have to try one more time before it begins.","Double clicking '""hit it"""">One more time please, please."
Donde estan los ladrones?,Donner es una msica para cada uno de las personas que tenha que estás tipos de torres?
You should tell me why because I give up.,"Done! It's on me babe, I quit, you know what?"
My children aged 3 and 4 love Dora.,All my triplets love Dora.
"This is an easy problem, and I had seen this in a math class in grade 6 or 9.","Easy problem!! It was seen here in math class in grade 6 or 9, and I was able to solve this in a math textbook."
"I don't remember the child's name, but remember the show the kid was in.","The kid won a show, I don't remember the name, but I remember that show the kid was in."
"I can't understand it, because they lost what they though they had.","The destruction is all over them, robbed them of what they had promised."
"The strong is frustrating, but the pleasant side is easy to deal with.","The big team is vexing, threatening, but positive - it's easy to handle."
It is a great production like Cowboy Behop and Evangelion.,"Cowboy Behop teamed up with Evangelion on a production praised for Cowgirl Behip and Syndicated, making it incredibly impressive."
The tune looks like a T,"Music appears anthem, eerily tiger-tastic."
How many times did he win the worlds sexiest man contest?,The world' best sexiest man competition was won by how many times did he win?
No one knows about his death or how he lived.,Nobody has guessed how he died or how his life ended.
She likes gasoline. (Give more more gasoline!),Fuel! She's rapping. (Give more fuel!)
It is Chlroine color because it is a gas.,"Gas coloring produces coloration chemronine - ""black"" color."
You can download anything at www.limewire.com.,Everything is available for download on www.limewire.com.
You can search for his name on most search engines.,Many internet spiders have compiled all his name and you can type his into them on any search engine.
There is a Volkswagon parked behind the building.,Parking is available immediately behind the building with a Volkswagon parked there.
How much do you love gas? Give me more gas!,Gas! :-) )) I just heard you!!!!!!!!!!!! How much love do you have for gas? I want more x!! OH MY GIRL SO HELP!
"Chlorine color, because it's a gas.",The noxic molecule found in chlorinated water is known as chlorine color.
"On Limewire.com, you can download anything.","Everything is free on Limewire.com, a website where you can download anything."
Type his name in on any (most) search engines.,Cantank he name in any (most) Google search engines.
answer : There's a Volkswagen parked out back.,Car : The answer - Outside.
"No, but I never considered becoming a prostitute.","The answer overwhelmingly positive, ""no way"", I never thought of becoming a prostitute."
Ain't No Mountain High Enough is by Marvin Gaye and Tammi Terrell.,Artiste dell'ain't No Mountain High Enough by Marvin Gaye and artist Tammi Terrell is featured in Ain’t no Mountain high Entire.
"Maybe I am just getting older, but gratuitous nudity seems silly.",Wouldn't rapping bare bones ever happen to me be more illogical now that it's commonplace?
Ipods are devices that allow you to watch podcasts or movies on its screen.,iPod is plugged in device where you can stream audio books or films on its screen.
Sarah Conner Island is about the craziest fans of Sarah Conner.,Crazy Sarah fans!! First look at Sarah Conner Island on Sarah.
"""Ah Woe, Ah Me,"" is by the Kingston Trio.","Song: The Kingston Trio released ""Ah Woe, Ah Me"" by The Queen - a cover of ""I Can't Take My Eyes Off You""."
Limewire provides a decent P2P service.,The partnered app is pretty damn good P2P. Limewire does a decent job.
"If I had to choose between the two, even though I do not prefer either, I would choose Chris Brown.","Chris Brown is the one I would choose if I could, even though I don't have a preference for either of them."
"Anyway, it is an excellent song.",The song is outstanding.
"""That's Good People,"" is a song by Jack Johnson.","Song ""That It's Good People"" is sung by Jack Johnson."
Black Sabbath is the original and best.,Black Album is the original and best.
We do not like to read subtitles.,Subtitle reading appears non-stop on a daily basis.
It is probably a rumor.,The only thing remaining definite right now would absolutely be rumour.
She is not Aaliyah or nothing like that.,Nothing beats her not calling herself Aaliyah.
Good luck to your beginner drummer.,"Happy drum soloista, your new drummer!"
I wish they could find a way to reunite because they made beautiful music together.,Wishe vid eller koen kan ti jien so dyk o rooih giz ku ok hun kie mohj ja onda sa hitzi pop?
I find that those who have taught themselves the magic of playing guitar possess more skill than those that read music.,Guitarists displaying their guitar skills with self-taught magic outperform their peers in terms of skill in music comprehension.
I know his moniker is Dickie.,Dickie is the moniker everyone knows him.
"They have been ranglin in the area of Lagona as well as sierra soux, and it appears they are kicking out down int he doheny are","The ranglin has hit the Lagona neighborhood and Sierra Soux area from 7 am - 6 pm EST, and it appears they are already in the area near the church of the weeping horn."
She is five feet and ten and a half inches in height.,"Standing proudly at five feet 10 and a half inches, she is tall."
Has anyone mentioned 'Abs Fab' yet?,Anyone ever spoke UP coming out 'Abs Fab'?
It is sad that you cannot name a movie without asterisks.,"Sad news!! ****At the top of the list of movies, asterisks means the film is not open, it is just named based on the name of one of these movies."
"I was going to say none of them, but I will go check now.","All of you were on me - all of them mate, all yeah... I'll go ahead and double-tape you."
You need to work it out.,The only way to do it is to work it all in.
"The girls who respond to Andre when he says ""hey ladies"" are actually one person.","All girls are one single entity, responding to Andre's ""hey ladies"" invitation."
Suddenly they became angrier.,Instantly the gang was angling louder.
It is on after the show airs or you can find it on MTV.,Show off! After it airs! It is available on MTV!
The highest ranking anime fighting can be found in the popular Dragon Ball Z,Dragon Ball Z is the top-tier anime fighting game in the world.
I do not enjoy the genre of westerns.,Cowboy is not my cup of tea.
"If you are looking to find free music without breaking any laws or regulations, you should look into multimedia-search.com","Multimedia-search! free music website - multimedia--has become one of the top free online music music search sites in the world. If you want to download free, legal and free free songs, try multimedia–search.com. A free and unaccompanied free MP3 equal rights to unlimited music streaming, browse through the site and enjoy over 10,000 free concerts, guaranteed legal, free audio, worldwide shipping and more!"
Mamita yo se que tu no te me va a quitar.,Mama encontrêmes que tu nosieras a tener pblica durante qualque s nunca me regala porque está pensado por entonces mejorará un gran cantamiento antes de tercer por mi avis. Cuál vez me observa por por ser menos como
I love the show.,Love it show.
It says about 95 minutes.,The entire movie lasts around 95 minutes.
Jackie Chan is with Chris Tucker in Rush Hour 1 and 2.,"Rush Hour 1 starring Jackie Chan and Chris Tucker, with Chris singing along with Jackie Chong and NBC's Chris Brown in the lead role."
You should go to one of their concerts.,One concert by them is a must-attend event.
"If you would like to star in adult films, then yes.",All dream come true: You can dream of being a star in the world of porn - and so is you.
Is it love or just a heart?,Love - is everything's bare?
Jamia is her name I believe.,Jamie is the one. i can only believe her name is Jamaal.
Spongbob Squarepants is a good show.,"One fan loves watching Spongbob Squarepants, which is a good show."
I believe King Kong or Cheaper By the Dozen Two.,"King Kong? Hell yeah, I do have a big crush on Cheaper By the Dozen Two."
You could purchase them at www.amazon.com.,Buy the set now! Go on www.amazon.com.
