Sentence,Formal_20
"Say , Jim , how about going for a few beers after dinner ? ","Jim, can you please let me know your thoughts on having a beer and having dinner?"
 You know that is tempting but is really not good for our fitness . ,"Despite its tempting nature, it is not conducive to our fitness."
 What do you mean ? It will help us to relax . ,I'm not sure what you're talking about. It's a great way to unwind and unplug.
 Do you really think so ? I don't . It will just make us fat and act silly . Remember last time ? ,Are you convinced of this statement? I disagree. It will only make us fat and make silly mistakes.
 I guess you are right.But what shall we do ? I don't feel like sitting at home . ,I'm not in the mood to sit at home. What should I do?
 I suggest a walk over to the gym where we can play singsong and meet some of our friends . ,I propose going to the gym to have a sing-along session and meet some of our friends.
 That's a good idea . I hear Mary and Sally often go there to play pingpong.Perhaps we can make a foursome with them . ,That's a great idea. Mary and Sally often go there for ping pong and I'm thinking about forming  if we can arrange supper with them.
" Sounds great to me ! If they are willing , we could ask them to go dancing with us.That is excellent exercise and fun , too . ","I must say that sounds great!! As a matter of fact, we could ask them to dance with us, which is an excellent way to get fit and also enjoy the exercise."
 Good.Let ' s go now . ,Good. Let's go.
 All right . ,All the most suitable.
Can you do push-ups ? ,Are you able to do push-ups on your own?
" Of course I can . It's a piece of cake ! Believe it or not , I can do 30 push-ups a minute . ","I'm almost done with doing half a dozen push-ups in ten minutes, which is hardly believable."
 Really ? I think that's impossible ! ,Is it not possible for you to believe me? I doubt it at all.
 You mean 30 push-ups ? ,What's the meaning of 30 push-ups?
 Yeah ! ,Is it true?
" It's easy . If you do exercise everyday , you can make it , too . ","It's uncomplicated. If you exercise daily, you can also make it easy."
Can you study with the radio on ? ,Is it possible for you to use the radio to study with the aid of a radio?
" No , I listen to background music . ","No, I don't listen to music in the background."
 What is the difference ? ,What distinguishes the dissimilar?
 The radio has too many comerials . ,The radio has an excessive number of comerials.
" That's true , but then you have to buy a record player . ","That's correct, but then you have to buy a record player as well."
Are you all right ? ,Are you a complete fuck?
 I will be all right soon . I was terrified when I watched them fall from the wire . ,I am going to be all well shortly. When I watched them fall from the sky I was terrified.
 Don't worry.He is an acrobat 。 ,He is an acrobat. Don't be surprised.He is not afraid of heights.
 I see . ,I see.
"Hey John , nice skates . Are they new ? ","John, I'm curious if you have any new skates for me to try out."
" Yeah , I just got them . I started playing ice hockey in a community league . So , I finally got myself new skates . ","I recently acquired new skates, which I'm a ice hockey player who started in 'a community league'."
 What position do you play ? ,What is your preferred position?
 I ’ m a defender . It ’ s a lot of fun . You don ’ t have to be able to skate as fast on defense . ,"Being a defender is enjoyable. However, you don’t have to be lightning fast on defense."
" Yeah , you ’ re a pretty big guy . I play goalie , myself . ",I'm a goalkeeper and I feel like I can relate to you.
" Oh , yeah ? Which team ? ",What's the team? YES?
 The Rockets . ,The Rockets.
" Really ? I think we play you guys next week . Well , I have to go to practice . See you later . ",Is it true? I believe we're playing together next week. I have to go to practice. See you later.
" All right , see you later . ","I'll be back to you at a later time, all right."
"Hey Lydia , what are you reading ? ","Lydia, can you tell me what you're reading?"
" I ’ m looking at my horoscope for this month ! My outlook is very positive . It says that I should take a vacation to someplace exotic , and that I will have a passionate summer fling ! ",Horoscopes: This month I have a very positive horocopy for this month - it is very optimistic that I will be able to enjoy sextroe and enjoy my summer vacation somewhere exotic!!
 What are you talking about ? Let me see that ... What are horoscopes ? ,What is your perspective on horoscopes?
" It ’ s a prediction of your month , based on your zodiac sign . You have a different sign for the month and date you were born in . I was born on April 15th , so I ’ m an Aries . When were you born ? ",Is there a month and date in which you can predict based on your zodiac sign? I was born on April 15th and I am an Aries.
 January 5th . ,January 5th marked the beginning of the current week.
" Let ’ s see . . . you ’ re a Capricorn . It says that you will be feeling stress at work , but you could see new , exciting developments in your love life . Looks like we ’ ll both have interesting summers ! ","Capricorn is a sign that indicates work-related stress, but also offers opportunities for love and romance."
" That ’ s bogus . I don't feel any stress at work , and my love life is practically nonexistent . This zodiac stuff is all a bunch of nonsense . ",I'm not experiencing stress at work and my love life is almost non-existent. All of this is a figment of the zodiac. It's all bogus. This is absolutely nothing.
" No , it ’ s not , your astrology sign can tell you a lot about your personality . See ? It says that an Aries is energetic and loves to socialize . ","Aries is a luminous sign who enjoys socializing, according to astrology, but this is not purely based on personal preference."
" Well , you certainly match those criteria , but they ’ re so broad they could apply to anyone . What does it say about me ? ","I'm sure I meet all the necessary criteria, but they're not exhaustive. What does this say about me?"
 A Capricorn is serious-minded and practical . She likes to do things in conventional ways . That sounds just like you ! ,Capricorn is a person of high social standing and practicality. She has inclination to engage in conventional activities. Sounds like you could be referring to me!
"Frank ’ s getting married , do you believe this ? ","Frank is getting married, do you share his opinion?"
 Is he really ? ,Is he truly sincere?
" Yes , he is . He loves the girl very much . ","Yes, he is. He has a great love for the girl."
 Who is he marring ? ,Who is the person he is attempting to mistreat?
" A girl he met on holiday in Spain , I think . ",I believe he met a girl whereas hung up her on holiday in Spain.
 Have they set a date for the wedding ? ,Has a date been arranged for the wedding?
 Not yet . ,Not yet.
I hear you bought a new house in the northern suburbs . ,It seems like you have purchased a new home in the suburbs that are situated in northern suburbia.
" That ’ s right , we bought it the same day we came on the market . ",We acquired it on the day we went on our first day of selling.
 What kind of house is it ? ,What is the classification of the house?
 It ’ s a wonderful Spanish style . ,The Spanish style is a wonderful and delightful choice.
" Oh , I love the roof tiles on Spanish style houses . ","Oh, I am smitten with the roof tiles on Spanish-style homes."
 And it ’ s a bargaining . A house like this in river side costs double the price . ,The cost of a riverside home is double the price of this one.
" Great , is it a two bedroom house ? ",Is the house just a two-bedroomed residence?
" No , it has three bedrooms and three beds , and has a living room with a twelve-foot ceiling . There ’ s a two-car garage . ","The house has three bedrooms, three beds, a living room with ice and  trellising to the ceiling, and also has en suite bathrooms with showers and separate toilets."
 That ’ s a nice area too . It ’ ll be a good investment for you . ,That's a lovely place as well. It'll be advisable to invest in that area.
" Yeas , when will you buy a house ? ","When do you plan to buy a house, dear?"
" Not untill the end of this year , you know , just before my wedding . ","I'm assuming it's not until late next year, right before my wedding."
" Right , congratulations . ","Right, congratulations."
 Thank you . ,Thank you.
"Hi , Becky , what's up ? ","Becky, what's the latest news?"
" Not much , except that my mother-in-law is driving me up the wall . ","I'm not very active, except for the fact that my mother-in-law is driving me insane."
 What's the problem ? ,What's the matter?
 She loves to nit-pick and criticizes everything that I do . I can never do anything right when she's around . ,I am never able to do anything right around her. She loves to nit-pick and criticize everything that I do.
 For example ? ,?
" Well , last week I invited her over to dinner . My husband and I had no problem with the food , but if you listened to her , then it would seem like I fed her old meat and rotten vegetables . There's just nothing can please her . ","I brought her for dinner last week. Although she was fine with the food, if she listened to me properly, it would seem like I fed her old meat and rotten vegetables. There's no way to satisfy her."
" No , I can't see that happening . I know you're a good cook and nothing like that would ever happen . ","I doubt it's possible, but I can't imagine that happening. You're a good cook, so I'm willing to give it pause."
 It's not just that . She also criticizes how we raise the kids . ,"She doesn't just say it's a matter of raising the kids, she also criticizes raising them as 'childish'."
" My mother-in-law used to do the same thing to us . If it wasn't disciplining them enough , then we were disciplining them too much . She also complained about the food we fed them , the schools we sent them too , and everything else under the sun . ","My mother-in-law used to make us disciplining them too much, but now she does too. She also has complaints about the food we fed her, the schools we sent them to, and everything else that comes after school."
 You said she used to ? How did you stop her ? ,What steps did you take to stop her from doing what you said she used to do?
" We basically sat her down and told her how we felt about her constant criticizing , and how we welcomed her advice but hoped she'd let us do our things . She understood , and now everything is a lot more peaceful . ","We facilitated a discussion and shared our feelings about her constant criticism, and we welcomed her advice but hoped she would allow us to proceed. She comprehended, leading to reassurances, which has now become more peaceful."
 That sounds like a good idea . I'll have to try that . ,I'm willing to give it a try. That sounds like sănătious. Thanks.
How are Zina's new programmers working out ? ,What is the progress report for Zina's new programmers in terms of their skills?
" I hate to admit it , but they're good . And fast . The Filipino kid is a genius . ","Despite my reluctance, I can't say without saying that they're good. And they come in so fast. The Filipino kid is a prodigy."
" So you'll make the Stars.com deadline , and have us up and running next week ? ","Are you planning to open Stars.com after the deadline next week, and will you be able to enable us?"
" It'll be close , but we'll make it . ","We'll make it, but it's a close call."
" Good . After Stars.com starts paying us , we won't need Vikam's cash anymore . ","Stars.com has started paying Vikam's cash, so we won't need to worry about it anymore."
" And if we don't need them , we won't need Zina , either . ",Zina is not necessary if we don't require them.
Do you like cooking ? ,Are you fond of cooking?
 Yes . I like cooking very much . I got this hobby when I was 12 years sold . ,I have a passion for cooking and I started having lust in my spare time when I was 12 years old and sold everything.
 Why do you like it ? ,What is it about this that you find appealing?
 I have no idea . I like cooking by myself . I like to taste delicious food . ,I have no idea. I enjoy cooking by myself.I like to taste delicious food..but I don't know.
 That's wonderful ! ,That's fantastic!
" And I love trying new recipes , which I usually test with my friends . You can come , too . ","I have a fondness for trying out new recipes, especially ones that I usually share with my friends. I welcome you to join me in this endeavor."
 Really ? I hope I can have a chance to taste it . Don't forget to tell me . ,Can you tell me if it is genuine? I want to have the opportunity to try it. Kindly let me know.
 Certainly . ,Certainly.
Anyone home ? Jen ! ,"Jen, are you still at home with anyone?"
 I'm in the kitchen ... let yourself in ! ,I'm in the kitchen... enter yourself!
 Wow ! You're really working up a storm ! ,":-), ). YUIUI IS VERY QUIET! Certainly you're going to impress me ;)) 2)) I have never met before this one - but seriously, I really appreciate it a lot!"
 I know . I've even worked up a sweat . ,I've pushed myself to work out my sweat.
 You look like a cooking show host--only messier . ,"You're like a cast of improvised cooking shows, but with fewer messes."
You look so tan and healthy ! ,"Stunningly tanned and healthy, you look great!"
 Thanks . I just got back from summer camp . ,Thanks for the reminder. I'm back from summer camp today. Many thanks.
 How was it ? ,What was your experience like?
 Great . I got to try so many things for the first time . ,I had a chance to experiment with many things for the first time.
 Like what ? ,What is the question?
" I went sailing , fishing , and horseback riding . ","I explored sailing, fishing, and horseback riding."
 I ’ m so jealous . ,I'm feeling incredibly envious.
 The counselors were so nice too . It was the best summer ever . Except for all those mosquitoes ! ,"The summer was fantastic, with mosquitoes being the only thing that could annoy me. The counselors were also very helpful."
"Diana , do you like the perfume I gave you ? ","Diana, are you fond of the perfume I gifted you?"
" It ’ s good . But to tell you the truth , I don ’ t wear perfume . ","It's a good thing. However, I don't really wear perfume."
 I ’ m sorry . I didn ’ t know that . ,"I'm sorry, I was not aware of it."
 That ’ s all right . Thank you all the same . ,That's acceptable. Thank you in advance.
"Ah , ah , ah ... ","Ah, ah. : hh, ho, do you mean...?"
" All right , Bill.Here ' s your daily exercise schedule . You are to jog before breakfast . ","Bill, can you share your daily exercise routine with me? Specifically, you will be jogging before breakfast."
 Jog ? ,"What is the meaning of ""Jog""?"
" Then , you are to walk to work . ","Afterward, you must go to work by foot."
 Walk ? ,Walk?
 Thirty minutes in gym at lunch time . ,Thirty minutes in the gym during lunch time.
 Oh no . ,Oh no.
" Use the stairs , never the elevator . ","Never use the elevator, but instead use a different route, using the stairs."
" Oh , dear . ","Oh, my goodness, what a relief."
" And three times a week , you can either swim , play racketball , or hand ball . ","Swimming, racketball, and hand ball are all options available, with swimming being the most popular activity."
 Oh no . ,Oh no.
" OK , you can stop now.It ' s time for the dance class . ","OK, stop right away, I'm your last chance. It's time to go to the dance class."
 Dance class ! I don't know how . ,I'm so eager to take a dance class that I can't seem to get my hands on it yet!
 You will . ,You will.
 Oh ... ,Oh...
"Hi Bill , I saw your grandma yesterday . ","Bill, I noticed you today when I went to meet your grandmother."
 Oh where was that ? ,Where can I find that?
 I was running around the track at my college and there she was walking around the same track . ,I was paced around the track at my college and there was also a woman walking around it.
 Grannie always tries to stay fit and healthy.She is always making us kids eat the proper foods . ,"Grannie is dedicated to keeping her children healthy and in good physical condition, and she is a strong advocate for ensuring that their diets are nourishing."
" Well , it pays off for her.How old is she anyway ? ",How old is she when it pays off for you to have her doing this?
 She will be 86 next month . ,She will be 86 years of age in the next month as she approaches the age of 87.
 That is truly amazing ! ,That's simply amazing!
I would like to register for a class today . ,I am interested in taking a class today and would like to register.
" No problem , what class would you like to take ? ","I'm not a fan of any classes, could you recommend one for me?"
 I would very much enjoy taking a Psychology class.Because I'm crazy . ,"I'm not sure how to handle taking a Psychology class, but I think I might be crazy enough to take it."
 There are two classes that are still open . ,"Two classes are currently unavailable, but they are still open."
 Which days are these classes on ? ,What are the days of the week for these classes?
 The first class is a Tuesday and Thursday class from two to three . ,Classes from two to three are held on Tuesdays and Thursdays in the first class.
 What about the other class ? ,What about the other class?
 The other class is on Monday and Wednesday from 10 am - 12 . ,The other class is available from 10 am to 12 pm on Monday and Wednesday.
 Are you sure there are no more open classes ? ,Are you convinced that there are no more open classes?
 I'm positive . ,I'm sure I can.
 Sign me up for Monday and Wednesday . ,Sign up for Monday and Wednesday.
" Okay , I'll sign you up . ","OK, I'll give you a signed up pass."
"Dad , why are you taping the windows ? ","What is the reason for you tapping the windows, Dad?"
" Honey , a typhoon is coming . ","A tephrayon is approaching, honey be careful."
" Really ? Wow , I don't have to go to school tomorrow . ",Is it true that I don't have to go to school for the day tomorrow?
" Jenny , come and help , we need to prepare more food . ","Jenny, please come and help us with the preparation of more food."
 OK . Dad ! I'm coming . ,OK. Dad! Come on in.
"Hi , my name is Lean , and I'm from Russia . ","Hi there, my name is Lean from Russia."
" Nice to meet you , Lean . My name is Alike . I'm from Japan . ","Hello, Lean. I'm from Japan and my name is Alike - I met you. Have a good time, good day."
 To me English is a difficult language . ,"English seems like a tough language to master, at least to me."
 A second language is always difficult . ,The task of learning a second language is always arduous.
" True , but English is harder than most . It's a crazy language . ","English is a language that's more challenging than most. It'll be tough, but true."
 A crazy language ? Why do you say that ? ,A language that's incredibly strange? Why do you call it that?
 One letter can have several pronunciations and one word can have several meanings . ,A letter can have multiple pronunciations and a single word can hold multiple meanings.
 No wonder you say English is a crazy language . ,"English is a language that you find very strange, no surprise to you."
Can I help you ? ,Is there any way I can be of assistance?
" I hope so . I'm looking for some material for a paper I'm writing , and I'm not quite sure where to look . ",I'm struggling to find suitable material for my writing assignment. Can you provide some guidance?
 I'll certainly try to help you . What topic is your paper on ? ,I'll give my best shot at helping you. What is your paper topic?
 My paper is on the influence of television on children . ,My article focuses on the impact of television on children.
 There are several possible sources you might use for that topic . I suggest you use the computer and the computer will give you a list of every scientific journal that talks about children and television . ,"The computer can provide you with a list of scientific journals that cover the topic of children and television, among other options."
 Thank you for you help . ,Thank you for your help...
Here ’ s your hot dog and beer . What happened ? Did I miss anything ? ,Is there anything I missed out on? I'm curious about what happened between hot dogs and beer.
" Yeah , Cal Ripen just hit a home run . ",Cal Ripen's recent homer was a home run.
 What ’ s the score ? ,What is the score of this score?
" Well it was 3 to 4 , but Ripen ’ s home run made it 5 to 4 since another player was on first base . ",Ripen hit a home ground to make the score 5 to 4 as another player was hit on first base.
 So Baltimore is winning ? ,Is Baltimore winning or is Baltimore not winning?
 Right . ,Right.
 This is a really great place to watch a baseball game . ,This is an excellent spot to catch a baseball game.
" Yeah , there isn ’ t a bad seat in the place . ",There's no doubt that there is a decent seat available in the place.
" The fans are great here , too . Not like in Philadelphia . ","The fans are a delight to be around, and it's notably better than Philadelphia."
 It was a great idea to spend a day watching a game . ,"I had the ideal day watching a game, and it was deemed advisable."
" Yeah , it reminds you why they say baseball is America ’ s favorite pastime . ","Baseball is considered by many to be America's beloved sport, and that statement brings me to the topic of why."
How do you like the pizza here ? ,What is your opinion about the pizza?
 Perfect . It really hits the spot . ,Perfectly crafted. Perfect. This is spot on.
Do you have a light ? ,Are you equipped with a light?
" Sorry , I don't smoke . ","I'm sorry, I don't smoke."
I was scared stiff of giving my first performance . ,I was terrified of performing for the first time because it was my first opportunity.
 Were you ? your performance was excellent . ,Were you? Your performance was outstanding.
 Thank you for your kindly words . ,I appreciate your kind words and many thanks for your time and effort.
Excuse me . Could you please take a picture of us with this camera ? ,Can you please take a picture of us with this camera?
 Sure . Which button do I press to shoot ? ,I'm not sure which button to shoot. Can you tell me?
 This one . ,This one.
 Do I have to focus it ? ,Is it necessary for me to concentrate on it?
" No , this is a focus-free camera . All you have to do is point and press the button . ","This camera is not focused, so all you need to do is point and press the button to use the focus feature."
 All right . Say cheese ! ,Cheese. permalink. All right - a cheese!
Every country should face the history . ,Every nation must face the consequences of their own history.
" Yeah , we don ’ t live in the vacuum . We have traditional values and long but different history . ","We have a long and varied history and traditional values, but we don't live in emptiness."
" Sometimes , we , human beings , really had done something wrong , so we should admit it at first . ","Sometimes, we as humans have made mistakes, and we may not be ready to accept it at first."
 But there is always somebody who wants to turn his back on the true history . ,"Nevertheless, there is always someone who wishes to turn their back on the genuine history."
" I believe such things won ’ t be realized , just daydreaming . ","I have a feeling that these things are unreal, and I believe they are just imaginable."
"Do you like traveling , Kathy ? ","Kathy, are you fond of traveling?"
" I like traveling for pleasure to get places for vacation for instance . But I don ’ t like traveling to work , waiting for buses , or ... ","I enjoy traveling to exotic destinations, but I don’t like going to work, waiting for cabs, or any other form of transportation."
 Or getting stuck in traffic jams when you ’ re driving . ,Getting stuck in traffic on the road while driving or being stranded due to traffic congestion.
 Exactly . ,"Correctly, yes."
Your house is too small . Why not buy a big one . ,Your house is too small. Why not buy a big one instead?
 I do wish I could afford one . ,I wish I had the means to buy one.
 You can get a loan from the bank . You know LPF program provides low cost loans for participants home purchases . ,The LPF program offers low-cost loans for home purchases. Banks offer loans to eligibleborrowers.
 Of course I know that . But don't you notice that the house price is skyrocketing ? ,"I understand your point about how much the house price is going up in the market, but I'm also aware that it's going to be a significant increase."
"How do you do , Prof.Smith . ",Prof.Smith: What are your techniques?
" How do you do , Ms . Yang.You speak very good English . ","Ms. Yang, your English is very good."
 Thank you . I begin to like English even when I was a child . ,"English language has always been a part of my life, and I appreciate your efforts."
 Where did you learn it ? ,Where did you gain the knowledge you are currently seeking?
" At school , in China.This is my first time to be out of my own country . ","I'm currently in China as a student, and this is the first time I have been outside of my home country."
 It's amazing . ,It's fantastic.
Do you want black or white coffee ? ,"Which coffee variety do you prefer, black or white?"
" White , please ","White, please see White's details."
 Look ! there's a Folk concert tomorrow evening . Do you Want to go ? ,Folk music: Tomorrow evening - can you make it to a Folk concert?
 I don't like Folk music very much . ,"Folk music isn't my cup of tea, as I find it unappealing."
 What kind of music do you like ? ,What type of music do you enjoy listening to?
 I like classical music . Do you ? ,Is classical music a genre of music that you find appealing?
 Not very much . Classical music sends me to sleep ,"Classical music notwithstanding, I find myself falling asleep at night. Not very much."
 I don't believe you . ,I doubt your sincerity.
 It ’ s true . ,It’s accurate.
 You are funny ! ,"Despite being funny, you are funny!"
 So are you ! How about another coffee ? ,I'm off to taste a coffee today!!
What do you like to do in your spare time ? ,What is your favorite way to spend your leisure time?
 I like playing chess . ,Chess is one of my preferred games to play.
 Do you have any hobbies besides playing chess ? ,"Apart from playing chess, do you have any other hobbies or pastimes?"
 I'm afraid not . ,I'm afraid I don't.
 Do you have any hobbies like playing tennis or things like that ? ,Are you into playing tennis or doing anything else similar to tennis?
" Oh , yes . I like playing basketball . ","Oh, absolutely! I have a passion for basketball."
 Can you tell me why you like it ? ,What is the reason behind your fondness for it?
 Because I like the feeling of cooperating with others . ,I find satisfaction in collaborating with others because I enjoy the feeling of helping others.
Where is John ? I can't find him anywhere . ,I'm having trouble locating John. Can you help me find where he is? I can't find him.
 Haven't you heard that he is in prison ? ,"He's in prison, have you heard that he'll be incarcerated?"
 What ? Beg your pardon . ,Let us grant you a pardon.
 John is in prison now . He was copped outstealing . ,"John is currently in jail for theft, having been arrested by a police officer for committing the crime."
 I just cann't believe my ears ! ,I'm having a hard time believing what I just heard!
Can I help you ? ,Is there any way I can be of assistance?
" I hope so . I'm looking for some material for a paper I'm writing , and I'm not quite sure where to look . ",I'm struggling to find suitable material for my writing assignment. Can you provide some guidance?
 I'll certainly try to help you.What topic is your paper on ? ,I'll give my best shot at helping. What is your topic for your paper?
 My paper is on the influence of television on children . ,My article focuses on the impact of television on children.
 There are several possible sources you might use for that topic . I suggest you use the computer and the computer will give you a list of every scientific journal that talks about children and television . ,"The computer can provide you with a list of scientific journals that cover the topic of children and television, among other options."
 Thank you for you help . ,Thank you for your help...
"Hey , Ted . What are you up to this Friday ? ","Ted, what are you up to on Fridays?"
" Well , I have the day off from work . ","I have a day of rest from work, which is why I am here."
 That ’ s great ! Do you have any plans ? ,That's great news! Can you tell me what you have planned for today?
" Well , I ’ Ve been working so hard lately , so I ’ ll probably just take it easy . ",I'll probably take a break from working on errands since I haven't been able to make the most of my time.
 Sounds nice . ,Sounds like a nice idea.
" Yeah , I ’ ll probably just stay in and relax . Maybe watch a few movies . ","I'll probably take a break and unwind, maybe watching lingering movies."
 Can I stop by ? ,Is it possible for me to visit you?
 Sure . Any time . ,Anytime. Sure. Any time.
You honestly believe the world ’ s improving every year ? ,Do you have faith in the idea that the world is getting better with each passing year?
" Yes , I do . I think that science is making us wiser . What do you think ? ",Science is making us wiser. Do you agree with me?
 I don ’ t think you ’ re right there . ,There's no way you're even in there.
 I believe industry is making us wealthier . ,Industry is a driver of our economic progress.
 I don ’ t believe that . ,I doubt that...
" And in my opinion , medicine is making us healthier . ",I believe that medicine is actually making us feel better.
" I agree with you in the sense . But we ’ re all more miserable than ever , aren ’ t we ? ","I share your sentiment, but I think we're all experiencing more misery right now, isn't it?"
" I don ’ t agree with you . I maintain that we ’ re healthier , wealthier and wiser than we were a hundred years ago . ","I disagree with you. I believe that we are now smarter, wealthier, and healthier than we were 100 years ago."
 That ’ s your opinion not mine . ,"Your opinion is mine, not your own."
What do you plan to do for your birthday ? ,What are your plans for your birthday celebration?
" I want to have a picnic with my friends , Mum . ","I am looking forward to a picnic with my friends, Mum."
 How about a party at home ? That way we can get together and celebrate it . ,Is it possible to have a party at home and have it organized for us to enjoy?
" OK , Mum . I'll invite my friends home . ","Mum, I'm willing to bring my friends home."
How may I help you ? ,In what ways can I assist you?
 I would like to return this book . ,I want to give this book back.
 Is that all you need ? ,Is that all that's required of you?
 I also want to check out this video . ,I have a desire to view this video as well.
 Is that all you would like to check out ? ,Is that all that matters to you?
 That ’ s all I need . ,That's all that' s necessary for me.
 Do you have your library card ? ,Have you possessed your library card?
 Here it is . ,Here it is.
 Make sure to take proper care of this video . ,Ensure that you maintain the care required for this video.
 That won ’ t be a problem . ,There's no issue with that.
" If you damage the video , you will be fined . ",A fine may be imposed if you cause damage to the video recording.
 I won ’ t damage it . ,I will not break it.
What's the matter with you then ? You look miserable . ,"What's the problem with you? You seem like a failure, right?"
 It's us . ,We.
 What do you mean by us . ,"What is your interpretation of the term ""us""?"
" Well , you always say you're busy . ","You keep claiming to be busy, right?"
 That's right . ,That's correct...
 And you often go back to live with your parents and leave our son in the room by himself . ,"Often, you go back to live with your parents and leave our son alone in the room."
" I ... I ... I miss my parents , also they miss me . ","My parents and I are both missing us, and it's heartbreaking to see them miss me."
" Oh I remember , I cut terrible calls , and you didn't say anything about it . ","Oh, I remember, after I made some terrible calls, you didn't even answer."
 You mean I am groaned a few words ? ,Is it just me or do you mean I am wailing with a few words?
 Totally not . Perhaps it's about our marriage . ,Totally not. Maybe it's about our marriage...
"Hi , Mary . You look pale today . What's the matter with you ? ","Mary, I noticed you're pale today. What's the issue?"
 I think I've caught a cold . Now I'm aching all over . ,I believe I've been sick with a cold. Now I have aching muscles all over my body.
 You'd better take some medicine and have a good rest . I hope you'll be yourself pretty soon . ,I suggest you take some medicine and have a good night's sleep. I hope you're feeling better soon.
 Thank you . I suppose I should go to see a doctor . ,I appreciate your response. I think I should visit a doctor.
"I feel like going for a drink , it's been a long day . ","I want to have a drink, it's been rained in already, the day has been long."
" Great idea ! Peter , I could use the drink . ",Great concept! Thanks Peter - I might have to try that drink!
 How about the new bar across road ? ,What about the new bar on the other side of the road?
" Sounds good . The food there is fantastic , too . ","The food at that location is amazing, and it sounds like a great experience."
" I agree , I had lunch there last week . ","I have the same understanding, I had lunch there last week."
 excellent ! That sounds like a plan . ,Excellent! That sounds like a plan.
"Could you tell me the right time , please ? ",Can you inform me of the correct time?
 Well . My watch says five past two . But it ’ s no use rely on it because it has been gaining and losing these last a few days . ,"My watch has been fluctuating for the past few days, and although it says five past two, it's not worth relying on it."
 You have to go and fix it . ,It's your responsibility to mend it.
 Yes . I will . ,Yes. I will - I do.
does your family have a record of your ancestors ? ,Are there any records in your family that reveal the ancestors of your lineage?
 sure . My mom has been working on our family tree for years . She ’ s always updating it . ,"My mother has been diligently working on updating our family tree for years, and I am confident in her judgment."
 do you have a copy of your family tree in your house ? I ’ d love to see it . ,Do you keep a copy of your family tree in your house? I’d like to see if you could send me sifty copies.
" I can show it to you now , if you like . I think it goes back about 8 generations so far . ","I'd be delighted to show you it now, if you want to see it. I believe it has been around for 8 generations."
 that ’ s amazing . Do you have a large extended family ? ,I'm wondering if there's a possibility that you have tens of thousands of extended family members.
 I ’ Ve got 30 cousins on my mom ’ s side and 10 cousins on my dad ’ s side . ,I ’ ve had thirty cousins on my mother’s side and ten on the father’.
 are you very close to your first-cousins ? ,Are you very close to your first-born partner?
" the ones that are my age are close relatives . Now that I ’ m older , I don ’ t spend as much time with them as I used to , so I don ’ t know my younger cousins as well as the older ones . ","My closest relatives are close relatives of my own age, but as I’m getting older, I don’t get to know my younger cousins as well as the older ones."
 I see . who ’ s the head of your household ? ,Who is the person responsible for managing your household?
" it ’ s definitely my mother . And , her mother is definitely the matriarch of the bigger family . ","My mother is undoubtedly my mother, and her mother's lineage is rooted in the larger family."
 that ’ s interesting . What does your grandfather think of your step-mother ? ,What is your grandfather's opinion on your step-mother?
" at first , she was quite critical of her , but now that they ’ Ve been married for a few years , she ’ s starting to accept the fact that my father divorced my mother . ","Initially, she was highly critical of her, but now that they have been married for a few years, her perspective has changed to accept the fact that my father divorced my mother."
" that ’ s pretty much how you feel about your step-mother . Like grandmother , like grandson . ","Step-mothers are often seen as being in the same category as grandmother or grandson, and that's pretty much how you feel about them."
"Hi , Mr . Wang . Do you feel like going boating with me ? ","Hi Mr. Wang, would you be open to embarking on a boat trip with me?"
" Sounds interesting , I haven't gone boating for some time now , and what time ? ","I've been boating for a while now, but I haven't been since. When is the best time to go boat fishing?"
 How about tomorrow afternoon ? ,"Tomorrow afternoon, what will be interesting?"
 Sure . Where shall I meet you ? ,I'm not sure where to go for sure. Where are you?
 At the gate of the park . ,At the park's entrance.
 Great . I look forward to meeting you . ,Great. I'm eagerly anticipating the chance to meet you.
 See you then . ,"Until then, I look forward to seeing you."
 See you . ,Greetings.
I hear that you've been to the Saikei Ski Resort for the weekend . Did you enjoy it ? ,Have you visited the Saikei Ski Resort this weekend? Was it a pleasant experience?
" Yes , it's so exciting , though I had the most falls in our skiing team . ","It's exhilarating, even though I had the highest number of falls in my skiing team."
 Isn't there any coach to teach you how to ski ? ,Skilehrers? Are you unable to find a ski instructor?
 Of course there is . The top-level coaches there are from the State Sports General Administration . ,The State Sports General Administration is the source of the top-notch coaches there.
 Could you move smoothly ? ,Can you make yourself move without any difficulty?
 Yes.My face even ached in the icy wind . ,"Yes, even in the cold wind, my face shivered and itched."
 What happened afterwards ? ,What transpired after the event?
 I was skiing on and on excitedly until I realized one thing-I could not stop ! You can just imagine how terrified I was . ,"I was eagerly skiing for hours, but then something unexpected occurred: I couldn't stop skiing! Imagine the sheer terror that I must have felt, I could not stand it!"
 Poor girl ! ,Poor poor girl!
You look pale recently . ,Your skin has just sat on your face.
 Yeah . I have got much pressure in the company . I have tobe wrapped upon my work . ,"I'm under a lot of pressure in the company, and I have to be wrapped up at work."
 Take good care of yourself . ,Ensure that you are taking care of yourself.
 Thank you . I will . ,I am grateful and grateful. I will take this opportunity to thank you.
"Hey , Maggy , Did you hear about David ? ","Hi Maggy, did you know about David?"
" About David ? No , I didn ’ t hear anything . ","I was not informed about David, so I can't say anything about it."
" You know , about David and his new boss . ",David's new boss is the subject of discussion.
" Sorry , I don ’ t quite follow you . ","I'm not sure if I can follow you back properly, sorry."
" Well , I heard David has been fired . ","David has been dismissed, as per my knowledge."
" Oh , that is a shame . He is really hard working . ","I'm sorry, that's a bit of pity. He works incredibly hard, too."
how do you usually get to school ? ,What is your usual mode of transportation to school?
 I usually ride my bike . Which form of transport do you prefer to use ? ,What is your preferred means of transportation?
" I feel that I can see more when I pedal a bicycle , but when I feel lazy , I drive my car . ","Cycling is the best way to increase my visual capacity, but driving my car is more appealing when I'm feeling unoccupied."
 I think we should discourage people from using their private cars . They produce too much pollution ! ,"I believe that the use of private cars by the public is a significant pollution problem, so we should discourage people from using them."
" I agree , but I would find it difficult to stop using my car . It's just so convenient . ","I'm with you, but I would have a hard time giving up my car. It's such  convenience."
" cars might be convenient , but they're so bad for the environment . ","Despite their convenience, cars are not a sustainable solution to the world's environmental concerns."
 do you have a car ? ,Do you have a vehicle in your possession?
" no . I used to have one though . Once I started using my bicycle to get around , I found that I didn't really need it . ","I had a bicycle, but I didn't really need it. I still ride it now and haven'T, though I used to have one."
" maybe if I sold my car now , I wouldn't be so tempted to use it . ","I'm not so inclined to use my car right now, but maybe if I were to sell it now as part of a deal, I wouldn't be as interested in it as I am."
 you could try . It would save you a lot of money . ,"If only you could try it out, it would save you a significant amount of money."
" that's true . Every month , I spend hundreds of dollars on gas , insurance , and repairs . ","I'm not wrong. I spend hundreds of dollars on gas, insurance, and repairs every month, even though I know it's not a good amount."
" if you got to class by riding a bicycle every day instead of driving , you will get lots of exercise , too ! ","Besides driving to class on a bicycle every day, riding to CLASS on your bike will also provide you with plenty of exercise!"
 I could stand to lose a few pounds . Having a car has made me lazy . I never end up walking anywhere ! ,"I'm able to lose a few pounds even if I can. However, I am also lazy about going for walks (I have gotten rid of my car) - I never go anywhere!"
 let's go to a car dealership . I'll help you try to sell your car for a good price . ,Let's visit a car dealership. I'll help you sell your car at if you want...
 sounds good ! Let's go ! ,": hehe. It sounds so good!’ Well, let’s go!"
What's wrong with him ? ,What's the matter with him?
 His nose is out of joint because we forgot to invite him to the party . ,"We neglected to remind him to come to the party, causing his nose to be out of place."
"What are you going to do for one year abroad , Tom ? ","Tom, what are your plans for spending a year in another country?"
" Study , study , study . I want to learn a lot . ","I am eager to learn more as I study, study, learn."
 You are going to take courses ? ,Are you taking up any courses?
 Yes . I am going to take some university courses there . ,"Yes, I am going to attend some university there and take some courses."
 Sounds hard . ,Isn't it a struggle to hear?
" Yes , but I think it's probably for the best . ","Yes, I'm saying, but it's probably not going to be good."
 Won ’ t you get lonely ? ,Are you able to avoid feeling lonely?
" Hey , I am a pretty cool guy . I will make friends , and I'll have a lot of extracurricular activities too . You know , like fencing , or theater or something . ","I'm a pretty darned hoop. Not only will I be able to make friends, but I also have oodles of extracurricular tyranny. Like fencing, or theater, you name it."
"Isn't this lovely weather ? Will you help me water the flowers , Jack ? ","Jack, we're all enjoying the beautiful weather. Will you please help me water the flowers?"
" Well , do you think I have to ? ",Do you think I am obligated to do so?
 I do.We haven't watered them for quite a few days . ,We haven't been watering them for a few days.
 Please look at the sky.Don ' t you see the dark clouds ? It's going to rain soon . ,I'm curious to see what's happening in the sky. Are you noticing the dark clouds? It'll start raining soon.
 Good.So we don't have to work.How nice ! ,"I love the idea of not having to work, so that we can focus on other things instead."
 But I don't think it's so nice . ,"Nevertheless, I don't believe it's so pleasant."
 Why ? ,What is the explanation for?
 The weather report says it's going to rain for a whole week . ,Weather report: It's predicted to rain for the next seven days.
" Oh , I'm afraid all the flowers will die in the rain . ","Oh, my God, the rain is going to bring the flowers to an end and I'm anxious about it."
"On , darn . The grocery store is closed . ",The grocery store is not open.
" Yeah , this one closes at ten . We could drive to the 24 - hour store on sixth . ",The shop is not open at ten so we can drive to the sixth-floor 24 hour store.
 Alright . We are out of everything . ,We are not in any way behind.
 I wish the store close to us was open 24 - house a day . ,"I desire that the store nearby is open 24 hours a day, making it convenient for us to visit."
" I know , our schedules are so weird . Sometimes , the little corner store is the only thing within walking distance that ’ s open when we get home . ",Our schedules are so bizarre that sometimes we have to go to the only thing that's within walking distance to get something to eat upon our return home.
" Yeah , and the prices there are very high . ","Yes, and the prices there are very high."
 I know . Three dollars for milk . ,Three dollars for milk.
Do you think they two will get married ? ,Do you believe that they will get hitched?
 You can count on it . ,You have to rely on it.
" I think so.Yes , they get along so well . ","I believe in the rightness of their relationship. Yes, they have a good relationship, I can't say no to that."
 I like him.He ' s good for her . ,He's good for her. I like him.
 You're right . He sure is . ,He certainly is. You're right. He's right.
"Dad , where are we off to ? ",Where is my Dad?
 First we will go to the city centre and stop for something to drink . Then we will visit the University Museum . ,"Firstly, we will be visiting the city centre, where we can have a drink, followed by examining the University Museum."
 Where are we going to have a drink ? ,Where can we have a drink?
 There is a coffee shop round the corner . Can you see that big building at the end of the road ? ,"Is it possible to spot the large building at the end of the road, which is a coffee shop located just across the way?"
 Yes ? ,Is it true? Yes?
 That is a bank . The coffee shop is opposite the bank . ,The bank is situated across from it. The coffee shop is located there.
 Good . I will have hot chocolate . ,Good. I'll have hot chocolate.
 A stop ! Wait for the lights to turn green . ,"Wait for the lights to turn green, and then proceed."
 When crossing the road you must always pay attention to what's around you . ,It's crucial to pay close attention to the environment when crossing the road.
 Sorry . How far is the museum ? ,What is the distance between me and the museum?
 I am not sure . We will ask for directions in the coffee shop . ,I am uncertain. We will ask for directions in the coffee shop.
 Here we are . You find us a table and I'll get the drinks . ,We're sitting down and I'll take the drinks. You find a table and we've got drinks arranged.
How about going to the cinema tonight ? ,"I'm planning on going to the movies for the evening, any recommendations?"
 That's great . What's on tonight ? ,That's great. What'll be happening tonight?
" I am not sure about the name of the film , but I know it's a romantic one . ","I haven't seen the movie yet, but I can'T find out what it is called, I think it's romantic."
 Romantic ? I am afraid I like thrillers better . ,Is it safe to say that I am more interested in Romantic thrillers?
 Don't you think it's too bloody ? ,"Isn't it too much of a stretch to say ""No, not at all""?"
" On the contrary , very exciting . ",Very engrossing compared to the other.
I feel so uncomfortable . ,I feel so uneasy.
 Are you sick ? ,Are you unwell?
 No . The teacher is dragging the chalk over the blackboard . It set my teeth on edge . ,My teeth are a sharp white mist as the teacher is dragging the chalk over the blackboard.
 He ’ ll finish writing in a minute . ,He’ll be finished writing in a minute.
I have made up my mind . I am getting a tattoo . ,I am on the verge of getting a tattoo.
 Really ? Are you sure ? ,Are you convinced that what you are reading is genuine? Do you have a clear sense of what it is?
 Yeah ! Why not ? They are trendy and look great ! I want to get a dragon on my arm or maybe a tiger on my back . ,I'm not sure if you want to get a tiger on your back or squirting dragon on my arm since they're both so cool.
" Yeah but , it is something that you will have forever ! They use indelible ink that can only be removed with laser treatment . On top of all that , I have heard it hurts a lot ! ","Despite this being a lifelong hazard, they use indelible ink that can only be eliminated with laser therapy. Furthermore, I have heard that it causes significant pain."
 Really ? ,Can you provide me with an accurate answer?
 Of course ! They use this machine with a needle that pokes your skin and inserts the ink . ,"They use a needle-like device that inserts inserted ink into the skin of the person and then into their own skin, of course, and they certainly do!"
" Oh , I didn ’ t know that ! I thought they just paint it on your skin or something . ","Oh my goodness, I thought they were painting it on your skin or something."
" I think you should reconsider and do some more research about tattoos . Also , find out where the nearest tattoo parlor is and make sure they used sterilized needles , and that the place is hygienic . ","I suggest you reconsider and conduct more research about tattoos. Additionally, locate the closest tattoo shop and verify if they use sterilized needles and maintain a clean facility."
 Maybe I should just get a tongue piercing ! ,Is it a good idea to consider getting pierced with my tongue?
"Excuse me , what's the screen near your steering wheel for ? ","What is the screen situated near your steering wheel, and what is its purpose?"
 It's a portable TV . It's a popular thing now . ,The portable TV has become a favored item among consumers.
" Oh , that's new to me . So what's on everyday ? ",What's the deal with this new kid on the block?
" News about current affairs , documentaries , music , movies , noncommercial ads and so on . ","Current affairs, documentaries, films, music, noncommercial ads, and more."
 Is there anything interesting ? ,Is there anything fascinating?
" Yes , there are something good and informative . I think that many people underestimate the value of TV in education . ","Certainly, there are some worthwhile and informative things to do. However, I think that the role of television in education is not as widely recognized as it is once envisioned."
 I agree . Are there any commercials on the TV ? ,Is there any commercial airing on TV? I agree.
 Of course . Because the TV stations need to make money from commercials between the programs . ,The TV stations' financial need to generate revenue from advertising during non-commercial hours is evident.
 That makes a lot of sense . Does the TV work well ? ,Is the TV efficient in its operation? That sounds good.
 Not always . It depends on the transmission of the satellite signals . ,"The transmission of satellite signals is a determining factor in this. However, it may not be constant."
 I got it . Do you pay for the programs ? ,Is it your practice to pay for programs?
" Yes , 50 Yuan per month . ",Is it true that I can earn 50 Yuan per month with a monthly budget of 50.
"Oh , no ! ","Oh, no!"
 How dreadful ! ,How terrible is that :(
 Look at the view from the window . ,"View the window, and look out."
" Oh , dear . That ’ s terrible . Not at all what I expected . ","Oh my goodness, that’s awful. Not even close to what I thought I could tell you."
" It ’ s awful , isn ’ t it ? ",Isn't that a terrible thing?
 I can ’ t bear to look at it . I ’ m rather disappointed . ,"I cannot bear to look at it, but I am quite disheartened."
 It can ’ t be helped . ,There are no solutions available.
"What do you do in your free time , Nancy ? ","Nancy, what activities do you engage in during your downtime?"
" Well , I like playing the violin . ",I have a passion for playing the violin.
 Really ? How long have you been playing the violin ? ,What is your real name? How old are you at playing the violin?
 About ten years so far . I started learning when I was in middle school . ,"For about ten years, I have been learning for about 10 years. I started learning in middle school."
 That's really interesting . ,That's really interesting.
 Sure . So what about you ? Do you have any hobbies ? ,What is your favorite thing to do?
" Well , I like collecting matchbox ! I'm not sure if that counts , though . ","I'm attracted to matchbox matchmaking, but I doubt its significance."
 Of course it does . Everybody has his own hobby . ,"Naturally, it happens. Everyone has their own interests."
How can I tell her about this ? ,What's the best way to inform her of this?
" Don't worry , you'll find a way . ",There's no need to be anxious if you know there'll be a solution.
 There is no need to be so frustrated . ,There is no reason to be so frustrated.
 How can you live without job in the future ? ,What are some ways to survive in the absence of a job in future?
" Don't worry , you'll find a way . ",There's no need to be anxious if you know there'll be a solution.
What sports do you like to play ? ,Which sports do you have a fondness for?
 I like baseball and basketball . ,Baseball and basketball are my preferred sports.
 How about football ? ,What about football?
" In my country football is brand new , so I never learned the game when I was younger . ","Football is a new phenomenon in my country, and I had no prior experience with it."
 It's a very popular game in America . ,The game has a significant following in America.
 Yeah . I heard a lot about it . Is it really that fun ? ,I've heard a lot about it. Is it really that fun? I hear. It's actually quite fun.
" For me , it's one of those games that are fun to both watch and play . ",I find it to be one of those games that are enjoyable to watch and play.
 Are you a football player ? ,Are you a football player?
" No , I just for fun with my friends . We play two hand touch or flag football . We're too old to play tackle football . ","My friends and I have a few games of two-hand touch or flag football with some friends, but we're too old to play tackle football because I'm too elderly to participate."
 What is two hand touch and flag football ? ,What is the difference between two hand touch and flag football?
" Instead of tackling somebody , you just have to touch them with two hands , or if it is flag football , grab the flag that the ball carrier is wearing . ","Rather than tackling someone, you can simply touch them with your hands or, in flag football, with the flag that the ball carrier is carrying."
 I see . It's safer then right ? ,Is it safe to assume that it's not a risky action?
" Exactly . We play every Saturdays on the field by the tennis courts . If you want to learn and play a little , you're welcome to join us . ",We play on the tennis courts' field every Saturday and invite you to join us for a little learning experience.
 I'll give it a try . Give me a call and let's go down together . ,Let's go for a chat and hit the road together.
 Ok . I'll call you Saturday morning . ,"Ok, I'll call you on Saturday morning."
 Great . ,Great.
What upsets you ? ,What are the things that bother you the most?
" My parents called . As usual , they reminded me again that I should have a plan to marry by my late 20s . Easier said then done . Who should I marry ? I have no time to go on a date . ","My parents contacted me to remind me that I need to plan a marriage before my late 20s, but it's not feasible. Since I can't make sexting plans, who should I marry?"
 It is not your mother finding one for you ? ,Is it not your mother finding a baby for you?
" I will find one myself , of course . I ’ m a modern girl . ","I'll find a new one myself, of course, because I’m."
" Perhaps you can try the three minutes date , the latest type . ","It might be a good idea to test out the three minutes date, the most recent variant."
" You mean dozens of the opposite sex meet each other for three minutes in a dimly bar serving alcohol , I hate that idea . ",Is it not true that I dislike the idea of a few people of opposite genders meeting in swanky bars for three minutes while drinking alcohol?
" No , there is an updated virgin , three minutes video date . I know an online dating website providing such service with a microphone and webcam , you can sigh for it . You can be face-to-face with a guy talking for maximum three minutes . ","No, not at all, but there is an online dating site where you can have a three-minute video date and see an updated virgin. The virgin has accessed the site with eavesdropping technology and carries. You can be in limbo with the guy talking for at least three minutes."
 I don ’ t think it makes sense . Three minutes is such a short time . ,I have a hard time understanding why three minutes seems like hardly any time.
" I think you can find out if there is a possibility of romance within the first second of meeting someone , so-called love at first sight . ","Love at first sight is a way to determine if there is any romance within 1-2 seconds of meeting someone, as it is often referred to as love at the first glance."
" Anyway , I don ’ t want to post my face up for sale on the internet like that . ",I'm not interested in selling my face online or putting it up for sale.
" Don ’ t worry . There are many other options using the internet as dating methods . Some sites operate at international standard even have got certifications . Of course , for these sites , you have to pay a membership fee . But all in all , it is more serious and professional . The chance of meeting a good and serious person who does not play games is higher . ","There are many other dating sites available online that offer a more serious and professional profile than those that are solely online. These sites offer certifications and have comparatively high membership fees, but overall, it is kinder to ear and more likely to be able to meet someone who is not primarily interested in playing games."
 I don ’ t want to post my personal information on the internet . I ’ m not knowing who is reading it . ,I'm afraid I might as well not publish my private details on the internet - but I don't know who might be reading them.
Are you going to the party on Saturday ? ,Are you planning to attend the party on Saturday?
 I was thinking about it . Are you ? ,I was contemplating it. Are you aware of anything?
" Yeah , I heard it's going to be a lot of fun . ",Is that going to be a lot of fun?
" Really ? Well , what time does it start ? ",What is the exact time of the beginning?
 It starts at 8 ,The time for the alarm is 8:15 AM.
" Well , who all is going to be there ? ",Who is going to be there if all is said to have been there?
 Everyone from school . ,The entire staff at the school.
 How do you know it's going to be so fun ? ,What makes you believe it will be a fun time?
" This party is going to have a DJ , food , and drinks . ","A DJ, food and drinks will be served at the party."
" Wow , that does sound like it's going to be fun . ","Sounds like fun, right?"
 So am I going to see you at the party ? ,Will you be attending the party?
" Yeah , I will be there . ","I will be there, yes, I am."
Could you talk to me for a few minutes about my grades ? ,Can you please talk to me about my grades and any recent or past activities?
 Step into my office for a moment . What is your concern ? ,I invite you to briefly enter my office and we can talk briefly about what concerns you.
 Am I failing ? ,Am I a failure?
 Let's go on the computer to see what's up . Do you think you are doing well ? ,"Using a computer, we can check what's happening around us. Do you feel like you are doing well?"
 I am pretty sure that I am in trouble . ,I am fairly certain that I have a problem.
" I can see that you are trying , but where do you think you could improve ? ","I'm noticing that you're putting in a lot of effort, but where do you think you could go if you were able to do more?"
 I missed a few classes ; I need to make sure I come to school on a regular basis . ,I'm struggling to attend classes on time; I missed a few of them; it's now my responsibility to return to school regularly.
" Having a regular study routine and following it is very important , right ? ",Is it true that a study routine that is regularly followed and followed is essential?
 I'll try ; it's hard ! ,I'll give it my all; it's not easy!
 Thanks for stopping by ! ,Greetings!
Good luck on your test tomorrow . We'll be crossing our fingers for you ! ,We hope your test comes back to your inbox tomorrow - keep in touch with us!
 Thanks . ,I appreciate it a lot.
I'll never ever work together with him ! ,"I'll never work with him again!"""
 What happened ? Quarrel again ? ,What's the latest news on the conflict?
 Will you take my materials back from him for me ? Please ! ,I request that you take my materials from him for me. Can you do this?
 Don't ask me . I don't wanna be involved in your quarrel . ,I'm not interested in getting involved in your argument.
"Oh , my God ! I've been cheated ! ",I'm so sorry for being taken advantage of!
 What ? What did you buy ? ,What did you purchase?
 It's a brick ! I can't believe how stupid I was . Damn it ! ,I'm so amazed that I can barely believe my own words. It was a total blow.
 What is it ? Why did you buy a brick ? ,What is the object of your purchase? What led you to acquire a brick?
" There was a guy on the sidewalk.He had three new boxes , Panasonic video camera boxes.He said he had to get rid of them quick . ",A man with three Panasonic video camera boxes was seen on the sidewalk. He had just discovered three boxes and was forced to dispose of them quickly.
