Sentence,Formal_10
"Say , Jim , how about going for a few beers after dinner ? ","Jim, can you suggest a few beers for me to have after dinner?"
 You know that is tempting but is really not good for our fitness . ,"Despite its tempting nature, it is not conducive to our fitness."
 What do you mean ? It will help us to relax . ,I'm not sure what you're talking about. It's a great way to unwind and unplug.
 Do you really think so ? I don't . It will just make us fat and act silly . Remember last time ? ,Is it true? I don't think so. It will make us fat and make silly mistakes.
 I guess you are right.But what shall we do ? I don't feel like sitting at home . ,"I think you are correct, but what should we do? I don't feel like sitting at home any longer."
 I suggest a walk over to the gym where we can play singsong and meet some of our friends . ,I propose going to the gym to have a sing-along session and meet some of our friends.
 That's a good idea . I hear Mary and Sally often go there to play pingpong.Perhaps we can make a foursome with them . ,I think that's a good idea. Mary and Sally often go there for ping pong and I hear they play there often. Would it be possible to have solitary time with them?
" Sounds great to me ! If they are willing , we could ask them to go dancing with us.That is excellent exercise and fun , too . ","I think that sounds wonderful! Besides, we could ask them to join us in dancing, which is a great way to get some exercise and also enjoy the company."
 Good.Let ' s go now . ,Good. Let's go.
 All right . ,"I'm not sure if it's okay, that'll be fine."
Can you do push-ups ? ,Do you have the ability to do push-ups?
" Of course I can . It's a piece of cake ! Believe it or not , I can do 30 push-ups a minute . ","I can do 30 to 60 push-ups per 60 minutes, and I'm sure I do better than that."
 Really ? I think that's impossible ! ,Is it really unattainable to believe that?
 You mean 30 push-ups ? ,Is 30 push-ups worth measuring?
 Yeah ! ,"Is it possible to say ""yes""?"
" It's easy . If you do exercise everyday , you can make it , too . ","It's uncomplicated. If you engage in daily exercise, you can also prepare it."
Can you study with the radio on ? ,Is it possible for you to use the radio to study with the aid of a radio?
" No , I listen to background music . ","No, I don't listen to music in the background."
 What is the difference ? ,What distinguishes the dissimilar?
 The radio has too many comerials . ,There are an excessive number of comerials on the radio.
" That's true , but then you have to buy a record player . ","Yes, it's accurate, but then you have to buy a record player."
Are you all right ? ,Are you a good candidate for the position?
 I will be all right soon . I was terrified when I watched them fall from the wire . ,I am going to be fine in the near future. I was frightened to see them fall from the sky.
 Don't worry.He is an acrobat 。 ,There's no need to worry about his acrobatic dexterity.
 I see . ,I see.
"Hey John , nice skates . Are they new ? ","I've heard good things about your skates, John. Are these new, new skaters?"
" Yeah , I just got them . I started playing ice hockey in a community league . So , I finally got myself new skates . ","I recently acquired new skates, which I'm a ice hockey player who started in 'a community league' I started playing reiteratively in the league and got some new sets."
 What position do you play ? ,What is your preferred position?
 I ’ m a defender . It ’ s a lot of fun . You don ’ t have to be able to skate as fast on defense . ,"I'm a defender and it's piqued my interest. You don't have to be lightning fast on defense, though."
" Yeah , you ’ re a pretty big guy . I play goalie , myself . ",I'm a goal-setter and I think you're essentially slender.
" Oh , yeah ? Which team ? ",What's the name of the team that does?
 The Rockets . ,"The Rockets, a group of enthusiasts."
" Really ? I think we play you guys next week . Well , I have to go to practice . See you later . ",Is it true? I believe we're playing together next week. I have to go to practice. See you later.
" All right , see you later . ",I'll be back later.
"Hey Lydia , what are you reading ? ","Lydia, can you tell me what you're reading?"
" I ’ m looking at my horoscope for this month ! My outlook is very positive . It says that I should take a vacation to someplace exotic , and that I will have a passionate summer fling ! ","My horoscope for the following month is very optimistic, and it suggests that I should take a trip to unforeseen exotic locations and have sex this summer. I am looking forward to it!"
 What are you talking about ? Let me see that ... What are horoscopes ? ,What is your perspective on horoscopes?
" It ’ s a prediction of your month , based on your zodiac sign . You have a different sign for the month and date you were born in . I was born on April 15th , so I ’ m an Aries . When were you born ? ","I'm wondering when you were born, considering that you have a different zodiac sign for the month you are born in and your zodic month is April 15th."
 January 5th . ,January 5th marked the beginning of the current week.
" Let ’ s see . . . you ’ re a Capricorn . It says that you will be feeling stress at work , but you could see new , exciting developments in your love life . Looks like we ’ ll both have interesting summers ! ","Capricorn, you will experience work-related stress, but it also means the start of new exciting opportunities in love!"
" That ’ s bogus . I don't feel any stress at work , and my love life is practically nonexistent . This zodiac stuff is all a bunch of nonsense . ","I don't experience any stress at work, and my love life is almost non-existent. This zodiac stuff is a figment of our brains. It's not even worth considering."
" No , it ’ s not , your astrology sign can tell you a lot about your personality . See ? It says that an Aries is energetic and loves to socialize . ","Aries is an energetic and socially active astrology sign, but it's not a straightforward answer, as your horoscope can reveal countless details about you."
" Well , you certainly match those criteria , but they ’ re so broad they could apply to anyone . What does it say about me ? ","I'm sure you meet those criteria, but it's a broad range of criteria that could be interpreted by anyone. What does this imply about me?"
 A Capricorn is serious-minded and practical . She likes to do things in conventional ways . That sounds just like you ! ,Capricorn is a practical and empathetic person who is also savvy. She has inclination to engage in conventional activities. Sounds like you have chemistry...?
"Frank ’ s getting married , do you believe this ? ","Is it your belief that Frank is getting married, as he is rumored to be?"
 Is he really ? ,Is he truly sincere?
" Yes , he is . He loves the girl very much . ","Yes, he is. He has a great love for the girl."
 Who is he marring ? ,Who is the person he is attempting to mistreat?
" A girl he met on holiday in Spain , I think . ",I believe he met a girl en route to Spain during.
 Have they set a date for the wedding ? ,Is there a tentative date for the wedding?
 Not yet . ,I haven't acted yet.
I hear you bought a new house in the northern suburbs . ,I heard you have bought a new home in the northern suburbs.
" That ’ s right , we bought it the same day we came on the market . ",We acquired it on the day we went on our first day of selling.
 What kind of house is it ? ,What is the classification of the house?
 It ’ s a wonderful Spanish style . ,"A wonderful, wonderful Spanish style."
" Oh , I love the roof tiles on Spanish style houses . ","Oh, I love the Spanish style of houses with their roof tiles."
 And it ’ s a bargaining . A house like this in river side costs double the price . ,"A house like this on the river side is twice as expensive as this one, and it's a bargaining game."
" Great , is it a two bedroom house ? ","Is this house, which has two bedrooms, a two-bedroomed dwelling?"
" No , it has three bedrooms and three beds , and has a living room with a twelve-foot ceiling . There ’ s a two-car garage . ","No, it doesn't, as it has three bedrooms and three beds, and a living room with ice twelve feet ceiling. Additionally, there's onsite sand parking for two cars."
 That ’ s a nice area too . It ’ ll be a good investment for you . ,That's a lovely place as well. It'll be advisable to invest in that area.
" Yeas , when will you buy a house ? ","When do you plan to buy a house, as in when you will buy something?"
" Not untill the end of this year , you know , just before my wedding . ","I'm assuming it's not until late next year, right before my wedding."
" Right , congratulations . ","Well, congratulations."
 Thank you . ,Thank you.
"Hi , Becky , what's up ? ","Hi, Becky - what's new?"
" Not much , except that my mother-in-law is driving me up the wall . ","I'm not very active, except for the fact that my mother-in-law is driving me insane."
 What's the problem ? ,What's the matter?
 She loves to nit-pick and criticizes everything that I do . I can never do anything right when she's around . ,"I can't do any good work around her, but she has a tendency to criticize everything and pick up flaws when I don''."
 For example ? ,What is an example of?
" Well , last week I invited her over to dinner . My husband and I had no problem with the food , but if you listened to her , then it would seem like I fed her old meat and rotten vegetables . There's just nothing can please her . ","I invited her for dinner last week and although she was fine with us, if you listen carefully, she will think that I fed her old meat and rotten vegetables. There's no way to satisfy her."
" No , I can't see that happening . I know you're a good cook and nothing like that would ever happen . ","I can't imagine that happening. I know you're a good cook and that wouldn'' not happen to you, but I don' think it's feasible."
 It's not just that . She also criticizes how we raise the kids . ,"Besides that, she also slams our parenting style when we raise the kids."
" My mother-in-law used to do the same thing to us . If it wasn't disciplining them enough , then we were disciplining them too much . She also complained about the food we fed them , the schools we sent them too , and everything else under the sun . ","My mother-in-law used to say to us that we were disciplining them too much, but now she's coming back to me and claiming that it'll be due to everything. She also has had issues with the food we served, the schools we sent, and everything else."
 You said she used to ? How did you stop her ? ,What did you do to stop her from doing what you said she used to do?
" We basically sat her down and told her how we felt about her constant criticizing , and how we welcomed her advice but hoped she'd let us do our things . She understood , and now everything is a lot more peaceful . ","We discussed our feelings towards her constant criticism and offered her counsel, but ultimately she accepted and everything is now calmer."
 That sounds like a good idea . I'll have to try that . ,I'm willing to give it a try. That sounds like sănătious. Thanks.
How are Zina's new programmers working out ? ,What is the progress report for Zina's new programmers in terms of their skills?
" I hate to admit it , but they're good . And fast . The Filipino kid is a genius . ","I don't know, but they're good. And they move quickly, and the Filipino kid is a genius."
" So you'll make the Stars.com deadline , and have us up and running next week ? ",We're hoping you can get us up and running on Stars.com next week by using the deadline. Do you have your back?
" It'll be close , but we'll make it . ","We'll make it, but it's a close call."
" Good . After Stars.com starts paying us , we won't need Vikam's cash anymore . ",We'll be able to pay Vikam's cash soon as well as Stars.com' s payment.
" And if we don't need them , we won't need Zina , either . ",Zina is not necessary if we don't require them.
Do you like cooking ? ,Is it your nature to cook?
 Yes . I like cooking very much . I got this hobby when I was 12 years sold . ,I have a passion for cooking and I started having sat for 12 years when I was sold.
 Why do you like it ? ,What is it about this that you find appealing?
 I have no idea . I like cooking by myself . I like to taste delicious food . ,I have no idea. I enjoy cooking by myself.I like to taste delectable food..but I don't know.
 That's wonderful ! ,That's great!
" And I love trying new recipes , which I usually test with my friends . You can come , too . ","I have a fondness for trying out new recipes, especially ones that I usually share with my friends. I welcome you to join me too."
 Really ? I hope I can have a chance to taste it . Don't forget to tell me . ,"Is it possible for you to give me a taste of this dish? If not, please let me know."
 Certainly . ,Certainly.
Anyone home ? Jen ! ,"Jen, are you currently at home with any of you? I'm curious if anyone here has any home-based contacts or a nearby relative who can help me?"
 I'm in the kitchen ... let yourself in ! ,I'm in the kitchen... enter!
 Wow ! You're really working up a storm ! ,I just wanted to say hi and I think you're doing an excellent job.
 I know . I've even worked up a sweat . ,I've pushed myself to work out my limits.
 You look like a cooking show host--only messier . ,"Despite being a mess, you still look like if you were on tv, but this time, it's gimmick."
You look so tan and healthy ! ,"Y'all look so sass and chi, and so, so so!"
 Thanks . I just got back from summer camp . ,Thanks for the reminder. I just got back from summer camp.
 How was it ? ,What was your experience like?
 Great . I got to try so many things for the first time . ,I got to experiment with many things for the first time.
 Like what ? ,What is the question?
" I went sailing , fishing , and horseback riding . ","I engaged in sailing, fishing, and horseback riding."
 I ’ m so jealous . ,I'm feeling envious – I can't help but feel jealous too.
 The counselors were so nice too . It was the best summer ever . Except for all those mosquitoes ! ,"Despite the mosquito-filled days, the summer was undoubtedly the most wonderful so far. The counselors were also very helpful."
"Diana , do you like the perfume I gave you ? ","I'm wondering if you find the perfume I gave you, Diana - do you like it?"
" It ’ s good . But to tell you the truth , I don ’ t wear perfume . ","I'm okay with using fragrances, but I don't really bother with perfumes."
 I ’ m sorry . I didn ’ t know that . ,I didn't realize until later that I had.
 That ’ s all right . Thank you all the same . ,That's fine. Thank you very much.
"Ah , ah , ah ... ","Ah, ah. :... oh, dear!"
" All right , Bill.Here ' s your daily exercise schedule . You are to jog before breakfast . ","I'm curious about your daily exercise routine. Ideally, you should jog before breakfast. Bill, thank you for your insight."
 Jog ? ,Is jogging something that you know about?
" Then , you are to walk to work . ","Afterward, you must make your way to work by walking to your office."
 Walk ? ,Is it possible to take a walk?
 Thirty minutes in gym at lunch time . ,"At lunch time, spend thirty minutes in the gym."
 Oh no . ,Oh no.
" Use the stairs , never the elevator . ",Ensure that you do not use the elevator and instead use it to climb the stairs.
" Oh , dear . ","Oh, my goodness, what a relief."
" And three times a week , you can either swim , play racketball , or hand ball . ","Three times a week, you can choose to swim, racketball, or handball as your leisure activity, and more."
 Oh no . ,Oh no.
" OK , you can stop now.It ' s time for the dance class . ","OK, you can stop right away, but it's time to go to the dance class."
 Dance class ! I don't know how . ,I'm at a loss for how to proceed with completing - I can't recall how I joined 'cafe' in dread class.
 You will . ,You will.
 Oh ... ,Oh...
"Hi Bill , I saw your grandma yesterday . ","Hi Bill, I saw your grandma yesterday."
 Oh where was that ? ,Where can I find that?
 I was running around the track at my college and there she was walking around the same track . ,I was running around the track at my college and then she was also walking around it.
 Grannie always tries to stay fit and healthy.She is always making us kids eat the proper foods . ,"Grannie diligently strives for adequate physical activity and good nutrition, while also urging children to follow the correct eating habits."
" Well , it pays off for her.How old is she anyway ? ",I think it's worth it. How old is she when she'll be worth all the hard work?
 She will be 86 next month . ,Her upcoming month of 86 years will see her passing away.
 That is truly amazing ! ,That's simply amazing!
I would like to register for a class today . ,"I'm interested in taking a class today, can you help me register for it?"
" No problem , what class would you like to take ? ","I'm not sure what class you want to take, can you suggest one?"
 I would very much enjoy taking a Psychology class.Because I'm crazy . ,"I'm interested in taking a Psychology class, but I don't think I would be cool enough."
 There are two classes that are still open . ,"Two classes are currently being offered, but they are not fully booked."
 Which days are these classes on ? ,What are the days of the week for these classes?
 The first class is a Tuesday and Thursday class from two to three . ,Classes from two to three are held on Tuesdays and Thursdays in the first class.
 What about the other class ? ,What about the other class?
 The other class is on Monday and Wednesday from 10 am - 12 . ,"On Monday and Wednesday, the other class is available from 10 am to 12."
 Are you sure there are no more open classes ? ,Are you convinced that there are no more open classes?
 I'm positive . ,I'm sure I can.
 Sign me up for Monday and Wednesday . ,I'll be taking a break on Monday and Wednesday.
" Okay , I'll sign you up . ","OK, I'll give you a signed up pass."
"Dad , why are you taping the windows ? ","What is the reason for you tapping the windows, Dad?"
" Honey , a typhoon is coming . ","A typhoon may be approaching, as indicated by the recent reports of the event."
" Really ? Wow , I don't have to go to school tomorrow . ",Is it true that I don't have to go to school for the day tomorrow?
" Jenny , come and help , we need to prepare more food . ","Join us as we prepare more food, thanks to Jenny's help."
 OK . Dad ! I'm coming . ,OK. Dad! Come on in.
"Hi , my name is Lean , and I'm from Russia . ","Hi there, my name is Lean from Russia."
" Nice to meet you , Lean . My name is Alike . I'm from Japan . ","Hello, I'm Lean from Japan. My name is Alike and I belong to Japan."
 To me English is a difficult language . ,I find English to be a difficult language to master.
 A second language is always difficult . ,Choosing a second language is genuinely challenging.
" True , but English is harder than most . It's a crazy language . ","English is a challenging language, with many English speakers claiming they are unable to comprehend German."
 A crazy language ? Why do you say that ? ,A language that's a bit crazy? What're the reasons behind that?
 One letter can have several pronunciations and one word can have several meanings . ,A letter can have multiple pronunciations and a single word can hold multiple meanings.
 No wonder you say English is a crazy language . ,No wonder you say English is a language that's thrown off course.
Can I help you ? ,Is there any way I can assist you?
" I hope so . I'm looking for some material for a paper I'm writing , and I'm not quite sure where to look . ",I'm struggling to find suitable material for my writing assignment. Can you provide some guidance?
 I'll certainly try to help you . What topic is your paper on ? ,I'll give it my best shot and assist you. What is the subject of your paper?
 My paper is on the influence of television on children . ,My article focuses on the impact of television on children.
 There are several possible sources you might use for that topic . I suggest you use the computer and the computer will give you a list of every scientific journal that talks about children and television . ,"There are many sources you can use to explore children and television, but the most likely is the computer, which will give you a list of scientific journals that cover topics related to children's and TV."
 Thank you for you help . ,I am grateful for your help and want to express my appreciation.
Here ’ s your hot dog and beer . What happened ? Did I miss anything ? ,Is there anything I missed out on? I'm curious about what happened between hot dogs and beer.
" Yeah , Cal Ripen just hit a home run . ","Cal Ripen's recent home, which was a homer, was well-timed."
 What ’ s the score ? ,What is the numerical value of the score?
" Well it was 3 to 4 , but Ripen ’ s home run made it 5 to 4 since another player was on first base . ","Ripen's home long home did not make the score 3 to 4, but it was level again 5 to 4 when a second-base player was hit on first base and the inning was tied."
 So Baltimore is winning ? ,Is it accurate to say that Baltimore is the victor?
 Right . ,Irrespective.
 This is a really great place to watch a baseball game . ,This is an excellent location to view a baseball game.
" Yeah , there isn ’ t a bad seat in the place . ",There's no doubt that there is a decent seat available in the place.
" The fans are great here , too . Not like in Philadelphia . ","This place has great supporters, but not as much as Philadelphia does."
 It was a great idea to spend a day watching a game . ,I thought it would be great to watch a game for 'the game' for the day.
" Yeah , it reminds you why they say baseball is America ’ s favorite pastime . ","Well, it's a little bit like why they say baseball is America' s favorite sport."
How do you like the pizza here ? ,What's your opinion on the pizza you just savored here?
 Perfect . It really hits the spot . ,This is spot-on. Great composition. Fantastic.
Do you have a light ? ,Is there a light available in your residence?
" Sorry , I don't smoke . ","I'm sorry, I don't smoke."
I was scared stiff of giving my first performance . ,I was nervous about giving my first performance because I didn't want to risk it.
 Were you ? your performance was excellent . ,Were you? Your performance was outstanding.
 Thank you for your kindly words . ,I appreciate your kind words and many thanks for your time and effort.
Excuse me . Could you please take a picture of us with this camera ? ,I'm wondering if you could take a picture of us with this camera.
 Sure . Which button do I press to shoot ? ,I'm unsure which button to press to start the shoot. Can you provide guidance?
 This one . ,This one.
 Do I have to focus it ? ,Is it necessary for me to concentrate on it?
" No , this is a focus-free camera . All you have to do is point and press the button . ","This is a focus-free camera, so you can point and press the button to capture the images."
 All right . Say cheese ! ,"Good, I said cheese."
Every country should face the history . ,History must be confronted by every country.
" Yeah , we don ’ t live in the vacuum . We have traditional values and long but different history . ","We have a long and varied history and traditional values, but we don't live in emptiness."
" Sometimes , we , human beings , really had done something wrong , so we should admit it at first . ","Sometimes, we as humans have made mistakes, and we may not be ready to accept it at first."
 But there is always somebody who wants to turn his back on the true history . ,"Nevertheless, there is always someone who wishes to turn their back on the genuine history."
" I believe such things won ’ t be realized , just daydreaming . ","I don't think such things will ever be real, just imagining."
"Do you like traveling , Kathy ? ","Kathy, do you have a preference for traveling?"
" I like traveling for pleasure to get places for vacation for instance . But I don ’ t like traveling to work , waiting for buses , or ... ","I have a fondness for traveling, whether to work, play on the train, or go on errands. However, I don’t enjoy traveling to the office, waiting for trains, and relying on waiting staff."
 Or getting stuck in traffic jams when you ’ re driving . ,Getting stuck in a traffic coma while traveling is another issue you'll face.
 Exactly . ,In fact Exactly.
Your house is too small . Why not buy a big one . ,"Your house may be too small for you. So, why not consider purchasing a large one?"
 I do wish I could afford one . ,"I wish I could purchase one, but I can't."
 You can get a loan from the bank . You know LPF program provides low cost loans for participants home purchases . ,"Getting a loan from bhoo, you can apply for lpb. LPF program offers low interest loans for home purchases."
 Of course I know that . But don't you notice that the house price is skyrocketing ? ,"I understand your point about how much the house price is going up in the market, but I'm also aware that it's going to be a significant price to pay."
"How do you do , Prof.Smith . ","How do you do, Prof.Smith."
" How do you do , Ms . Yang.You speak very good English . ","Ms. Yang, your English is very good at the end of the sentences."
 Thank you . I begin to like English even when I was a child . ,"I appreciate your efforts. Even as a child, I developed sensitivity to the language and English."
 Where did you learn it ? ,Where did you gain the knowledge you are currently seeking?
" At school , in China.This is my first time to be out of my own country . ","I'm currently in China as a student, and this is the first time I have been away from home for  one year. As i am at school in Beijing, this year I will be going to China for the same reason.?"
 It's amazing . ,I can't get over how much it's remarkable.
Do you want black or white coffee ? ,"Which type of coffee do you prefer, black or white?"
" White , please ","I'm White, please see White."
 Look ! there's a Folk concert tomorrow evening . Do you Want to go ? ,Folk music: Do you happen to be able to go to a Folk concert tomorrow evening?
 I don't like Folk music very much . ,Folk music doesn't appeal to me in a big way.
 What kind of music do you like ? ,What type of music do you typically listen to?
 I like classical music . Do you ? ,Is it possible for you to enjoy classical music like I do?
 Not very much . Classical music sends me to sleep ,I'm not very fond of it. Classical music makes me drift off to sleep.
 I don't believe you . ,I doubt your sincerity.
 It ’ s true . ,It’s accurate.
 You are funny ! ,I find you funny!
 So are you ! How about another coffee ? ,"I'm glad you're having another cup of coffee, too."
What do you like to do in your spare time ? ,What is your preferred way to spend your spare time?
 I like playing chess . ,I have a fondness for chess and I enjoy playing it.
 Do you have any hobbies besides playing chess ? ,"Apart from playing chess, do you have any other hobbies or pastimes?"
 I'm afraid not . ,I'm afraid I don't.
 Do you have any hobbies like playing tennis or things like that ? ,"Is there anything else you enjoy doing, such as playing tennis?"
" Oh , yes . I like playing basketball . ",I'm a basketball enthusiast.
 Can you tell me why you like it ? ,What is the reason behind your fondness for it?
 Because I like the feeling of cooperating with others . ,I find solace in being able to work with others.
Where is John ? I can't find him anywhere . ,I'm having trouble locating John. Is there anyone who can help me find him?
 Haven't you heard that he is in prison ? ,Is it not true that he is currently in jail?
 What ? Beg your pardon . ,Is it time to grant your pardon?
 John is in prison now . He was copped outstealing . ,"John, who was a thief with policing, is presently incarcerated."
 I just cann't believe my ears ! ,I'm having a hard time believing what I just heard!
Can I help you ? ,Is there any way I can assist you?
" I hope so . I'm looking for some material for a paper I'm writing , and I'm not quite sure where to look . ",I'm struggling to find suitable material for my writing assignment. Can you provide some guidance?
 I'll certainly try to help you.What topic is your paper on ? ,I'll do my best to assist you. What topic would you recommend for your paper?
 My paper is on the influence of television on children . ,My article focuses on the impact of television on children.
 There are several possible sources you might use for that topic . I suggest you use the computer and the computer will give you a list of every scientific journal that talks about children and television . ,"There are many sources you can use to explore children and television, but the most likely is the computer, which will give you a list of scientific journals that cover topics related to children's and TV."
 Thank you for you help . ,I am grateful for your help and want to express my appreciation.
"Hey , Ted . What are you up to this Friday ? ","Hey there, Ted. Can you tell me what's happening with you on Friday?"
" Well , I have the day off from work . ","I have a day off from work, so I'm taking it."
 That ’ s great ! Do you have any plans ? ,"I think that's great! But wait, do you have any plans?"
" Well , I ’ Ve been working so hard lately , so I ’ ll probably just take it easy . ",I'll probably take a break from working hard since I haven't been very active lately.
 Sounds nice . ,I'm thinking it sounds lovely.
" Yeah , I ’ ll probably just stay in and relax . Maybe watch a few movies . ","I'll probably just sit back and enjoy myself, maybe watching a few movies."
 Can I stop by ? ,Is it possible for me to visit you?
 Sure . Any time . ,At any time. Sure.
You honestly believe the world ’ s improving every year ? ,Do you really think that the world is getting better with each passing year?
" Yes , I do . I think that science is making us wiser . What do you think ? ",Is it your opinion that science is making us more intelligent?
 I don ’ t think you ’ re right there . ,I don’ t think you’re right there.
 I believe industry is making us wealthier . ,Industry seems to be a driving force behind our economic progress.
 I don ’ t believe that . ,I don’ t think that...
" And in my opinion , medicine is making us healthier . ",I believe that medicine is actually making us feel better.
" I agree with you in the sense . But we ’ re all more miserable than ever , aren ’ t we ? ","I share your sentiment, but I think we're all experiencing more misery right now, isn't it?"
" I don ’ t agree with you . I maintain that we ’ re healthier , wealthier and wiser than we were a hundred years ago . ","I disagree with you. I believe that we are now a better, wealthier, and more intelligent society than we were 100 years ago."
 That ’ s your opinion not mine . ,I'm not in agreement with that.
What do you plan to do for your birthday ? ,What are your plans for your birthday celebration?
" I want to have a picnic with my friends , Mum . ","I'm looking forward to a picnic with my friends, Mum, which I hope will be able to enjoy."
 How about a party at home ? That way we can get together and celebrate it . ,Is it possible to have a party at our house and have it celebrated?
" OK , Mum . I'll invite my friends home . ","OK, Mum. I'll bring my friends a bbq to join me at their home."
How may I help you ? ,In what ways can I assist you?
 I would like to return this book . ,I want to give this book back.
 Is that all you need ? ,Is that all that's required of you?
 I also want to check out this video . ,I also want to watch this video.
 Is that all you would like to check out ? ,Is that all you would like to know about?
 That ’ s all I need . ,That's all I'll ask for.
 Do you have your library card ? ,Is it possible for you to keep a record of your library card information?
 Here it is . ,Here it is.
 Make sure to take proper care of this video . ,Ensure that you maintain the care required for this video.
 That won ’ t be a problem . ,There's no need to worry about that.
" If you damage the video , you will be fined . ",A fine may be imposed if you cause damage to the video recording.
 I won ’ t damage it . ,I will not harm it.
What's the matter with you then ? You look miserable . ,What's the problem with you then? You look gloomy.
 It's us . ,We.
 What do you mean by us . ,"What is your interpretation of the term ""us""?"
" Well , you always say you're busy . ","I'm aware that you're always joking around, but you haven't been able to take it seriously."
 That's right . ,That's correct...
 And you often go back to live with your parents and leave our son in the room by himself . ,"Often, you go back to live with your parents and leave our son alone in the living room."
" I ... I ... I miss my parents , also they miss me . ","I... I miss my parents, and they miss me."
" Oh I remember , I cut terrible calls , and you didn't say anything about it . ","I'm reminded that I made terrible calls, and you didn't address it."
 You mean I am groaned a few words ? ,Is it just a few words to express my frustration?
 Totally not . Perhaps it's about our marriage . ,Totally not. Maybe it's about our marriage.
"Hi , Mary . You look pale today . What's the matter with you ? ","Hi Mary, I noticed you're pale these days. What's up with your pale skin? I'm wondering."
 I think I've caught a cold . Now I'm aching all over . ,I believe I've been sick with a cold. Now I have aching muscles all over my body.
 You'd better take some medicine and have a good rest . I hope you'll be yourself pretty soon . ,I suggest you take some medicine and have a good night's sleep. I hope you're feeling better soon.
 Thank you . I suppose I should go to see a doctor . ,I appreciate your response. I think I should visit a doctor.
"I feel like going for a drink , it's been a long day . ","I'm longing for a drink, it's been chilly today."
" Great idea ! Peter , I could use the drink . ","I'm tempted to grab a drink, Peter - thanks, great idea."
 How about the new bar across road ? ,What about the new bar on the other side of the road?
" Sounds good . The food there is fantastic , too . ",There's a good feeling to it. The food at that place is simply mouth-watering.
" I agree , I had lunch there last week . ","I concur, I had lunch there last week."
 excellent ! That sounds like a plan . ,I think that's a great idea! That sounds like snobbish.
"Could you tell me the right time , please ? ",When is the appropriate time to respond?
 Well . My watch says five past two . But it ’ s no use rely on it because it has been gaining and losing these last a few days . ,"My watch has been fluctuating for the past few days, and although it indicates five past two, I don't believe it."
 You have to go and fix it . ,It's your responsibility to mend it.
 Yes . I will . ,Yes. I will - I said if I can.
does your family have a record of your ancestors ? ,Is there any documentation of your ancestors in your family tree?
 sure . My mom has been working on our family tree for years . She ’ s always updating it . ,My mother has been diligently working on updating our family tree for several years. I'm sure that she's right.
 do you have a copy of your family tree in your house ? I ’ d love to see it . ,Is there a copy of your family tree that you keep in your house? I'd like to see it.
" I can show it to you now , if you like . I think it goes back about 8 generations so far . ","I'd be delighted to show you it now, if you want to see it. I believe it has been around for 8 generations."
 that ’ s amazing . Do you have a large extended family ? ,"I'm wondering if you have a large extended family, can you share some insights on how it might be?"
 I ’ Ve got 30 cousins on my mom ’ s side and 10 cousins on my dad ’ s side . ,I've got 30 or so cousins on my mother’s side and 10 or more on the father’ s.
 are you very close to your first-cousins ? ,Are you very close to your first-cousins?
" the ones that are my age are close relatives . Now that I ’ m older , I don ’ t spend as much time with them as I used to , so I don ’ t know my younger cousins as well as the older ones . ","I don’t get to see my younger siblings as often as I used to when I was younger, so I’m not as close to them as my close relatives."
 I see . who ’ s the head of your household ? ,"I'm curious, who is in charge of your household?"
" it ’ s definitely my mother . And , her mother is definitely the matriarch of the bigger family . ","My mother is undoubtedly my mother, and her mother's lineage is rooted in the larger family."
 that ’ s interesting . What does your grandfather think of your step-mother ? ,What is your grandfather's opinion on your step-mother?
" at first , she was quite critical of her , but now that they ’ Ve been married for a few years , she ’ s starting to accept the fact that my father divorced my mother . ","Initially, she was highly critical of her, but now that they have been married for a few years, her perspective has changed to accept the fact that my father divorced my mother."
" that ’ s pretty much how you feel about your step-mother . Like grandmother , like grandson . ","Step-mothers and grandsons share a similar emotional connection, just as grandmother and grandma do."
"Hi , Mr . Wang . Do you feel like going boating with me ? ","Hi Mr. Wang, would you be open to embarking on a boat trip with me?"
" Sounds interesting , I haven't gone boating for some time now , and what time ? ","I've been boating for a while, but I haven't been for some time. When will it be?"
 How about tomorrow afternoon ? ,"Tomorrow afternoon, what will be interesting?"
 Sure . Where shall I meet you ? ,I'm not sure where to go for sure. Where are you?
 At the gate of the park . ,At the entrance of the park.
 Great . I look forward to meeting you . ,I'm eagerly anticipating meeting you. Great. I can't wait to meet you...
 See you then . ,"Until then, I look forward to seeing you."
 See you . ,I hope you are all well.
I hear that you've been to the Saikei Ski Resort for the weekend . Did you enjoy it ? ,I've been to Saikei Ski Resort over the past two weekends. Was your visit enjoyable?
" Yes , it's so exciting , though I had the most falls in our skiing team . ","Although I had the most falls in our skiing team, it's still exhilarating to finally get to this point."
 Isn't there any coach to teach you how to ski ? ,Is it possible to find a ski coach that can teach you the basics of skiing?
 Of course there is . The top-level coaches there are from the State Sports General Administration . ,There is no denying that there is. The top-notch coaches there are those who come from the State Sports General Administration.
 Could you move smoothly ? ,Is it possible for you to move quickly?
 Yes.My face even ached in the icy wind . ,"Yes, even in the frigid climate, my face shivered and itched in a cold wind."
 What happened afterwards ? ,What transpired after the event?
 I was skiing on and on excitedly until I realized one thing-I could not stop ! You can just imagine how terrified I was . ,"I was eagerly anticipating going on a skiing ride, but one thing I soon realized was that I could not stand and couldn't stand. It's incredibly scary to think this was going to happen."
 Poor girl ! ,A poor young lady whose suffering is being felt!
You look pale recently . ,Your skin has bled slightly in recent times.
 Yeah . I have got much pressure in the company . I have tobe wrapped upon my work . ,"I'm under a lot of pressure in the company, and I have to be wrapped up at work."
 Take good care of yourself . ,Ensure that you are taking care of yourself.
 Thank you . I will . ,I am grateful and grateful. I will take this opportunity to thank you.
"Hey , Maggy , Did you hear about David ? ","Hi Maggy, did you know about David?"
" About David ? No , I didn ’ t hear anything . ","I didn't hear anything about David, so I'm sorry."
" You know , about David and his new boss . ",I'm talking about David and his new supervisor.
" Sorry , I don ’ t quite follow you . ","I'm not sure if I can follow you back properly, sorry."
" Well , I heard David has been fired . ",I have been informed that David has been dismissed.
" Oh , that is a shame . He is really hard working . ","I'm sorry, that's a bit of pity. He works incredibly hard, too."
how do you usually get to school ? ,What is your usual mode of transportation to and from school?
 I usually ride my bike . Which form of transport do you prefer to use ? ,Is there a mode of transportation that you find favorably connected to – namely utilizing your bike for transportation?
" I feel that I can see more when I pedal a bicycle , but when I feel lazy , I drive my car . ","I find that my eyesight improves when I ride my bike, but when my mind is occupied, I opt to drive my car."
 I think we should discourage people from using their private cars . They produce too much pollution ! ,I think we should discourage people from using their private cars as they are responsible for causing too much pollution.
" I agree , but I would find it difficult to stop using my car . It's just so convenient . ","I agree with you, but I would have a hard time giving up my car - it's so convenient."
" cars might be convenient , but they're so bad for the environment . ","While cars may be a convenient option, they are not advisable as they pose ill-advised environmental consequences."
 do you have a car ? ,Do you have a vehicle in your possession?
" no . I used to have one though . Once I started using my bicycle to get around , I found that I didn't really need it . ","I used to ride my bike, but I didn't really need it. I'm not sure if I even needed it anymore."
" maybe if I sold my car now , I wouldn't be so tempted to use it . ","I'm not so inclined to use my car right now, but maybe if I were to sell it now as part of a deal, I wouldn't be as interested in it as I am."
 you could try . It would save you a lot of money . ,"If it is possible to do it, it will result in significant savings."
" that's true . Every month , I spend hundreds of dollars on gas , insurance , and repairs . ","I'm not wrong. I spend hundreds of dollars on gas, insurance, and repairs each month, even though I can't really afford all of these expenses."
" if you got to class by riding a bicycle every day instead of driving , you will get lots of exercise , too ! ","Besides being able to commute to class on a bicycle daily instead of driving, biking to comrades will also provide you with supplementary exercise!"
 I could stand to lose a few pounds . Having a car has made me lazy . I never end up walking anywhere ! ,"I'm able to lose weight and feel like I could be healthier. However, I have a tendency to be lazy with my car. I never have the energy to walk anywhere!"
 let's go to a car dealership . I'll help you try to sell your car for a good price . ,Let's visit a car dealership. I'll help you sell your car at if you want to sell it for...
 sounds good ! Let's go ! ,"I mean, it sounds great! Let's go for a while!"
What's wrong with him ? ,What's the matter with him?
 His nose is out of joint because we forgot to invite him to the party . ,"We neglected to remind him to come to the party, causing his nose to be out of place."
"What are you going to do for one year abroad , Tom ? ","Tom, what are your plans for spending a year in another country?"
" Study , study , study . I want to learn a lot . ","I am eager to learn more as I study, study, learn."
 You are going to take courses ? ,Are you taking up any courses?
 Yes . I am going to take some university courses there . ,"Yes, I am going to attend some university there and take some courses."
 Sounds hard . ,Isn't it a struggle to hear?
" Yes , but I think it's probably for the best . ","Yes, I'm saying, but it's probably not going to be good."
 Won ’ t you get lonely ? ,Is it possible for you to avoid feeling lonely?
" Hey , I am a pretty cool guy . I will make friends , and I'll have a lot of extracurricular activities too . You know , like fencing , or theater or something . ","I'm a cool-looking individual who will make friends and participate in extracurricular activities like fencing, theater, or anything."
"Isn't this lovely weather ? Will you help me water the flowers , Jack ? ","Isn't this lovely weather? Will you aid me in watering the flowers, Jack?"
" Well , do you think I have to ? ",Is it your opinion that I should?
 I do.We haven't watered them for quite a few days . ,"We haven't been watering them for a few days, and I understand."
 Please look at the sky.Don ' t you see the dark clouds ? It's going to rain soon . ,I'm curious to see what's happening in the sky. Are you noticing the dark clouds? It'll start raining soon.
 Good.So we don't have to work.How nice ! ,"I appreciate it so much, that it's not necessary to work. Good luck!"
 But I don't think it's so nice . ,"Nevertheless, I don't believe it's so pleasant."
 Why ? ,What is the explanation for?
 The weather report says it's going to rain for a whole week . ,"According to the weather report, it is predicted to rain for the next seven days."
" Oh , I'm afraid all the flowers will die in the rain . ","I'm a bit worried, because all the flowers will be gone soon in the rain."
"On , darn . The grocery store is closed . ",I'm sorry to inform you that the grocery store is not open.
" Yeah , this one closes at ten . We could drive to the 24 - hour store on sixth . ","We could opt for the 24-hour store on sixth. Unfortunately, this one usually ends at ten."
 Alright . We are out of everything . ,We are no longer in a position to do anything.
 I wish the store close to us was open 24 - house a day . ,"I desire that the store nearby is open 24 hours a day, making it convenient for us to visit."
" I know , our schedules are so weird . Sometimes , the little corner store is the only thing within walking distance that ’ s open when we get home . ",Our schedules are so strangely shaped that sometimes the only thing within walking distance to our destination is the little corner store that we have to wait in line when we get home.
" Yeah , and the prices there are very high . ","Yes, and the prices there are very high."
 I know . Three dollars for milk . ,I know. Three dollars for milk.
Do you think they two will get married ? ,Is it possible that they will get married in the future?
 You can count on it . ,Trust me when I say.
" I think so.Yes , they get along so well . ",I think so. They have a good relationship.
 I like him.He ' s good for her . ,I have a liking for him.He's good for her.
 You're right . He sure is . ,I think you're right. He definitely is.
"Dad , where are we off to ? ",Where is my Dad going?
 First we will go to the city centre and stop for something to drink . Then we will visit the University Museum . ,"Firstly, we will visit the city centre where we can have a drink, followed by examining the University Museum."
 Where are we going to have a drink ? ,Where can we have a drink?
 There is a coffee shop round the corner . Can you see that big building at the end of the road ? ,Is it possible to spot the large edifice that looms over the road and is located just past the coffee shop on the corner?
 Yes ? ,Is it true? Yes?
 That is a bank . The coffee shop is opposite the bank . ,"A coffee shop can be found across from the bank, which is a bank."
 Good . I will have hot chocolate . ,I'm savoring some hot chocolate. Good ice cream.
 A stop ! Wait for the lights to turn green . ,Wait for the lights to turn green and then proceed.
 When crossing the road you must always pay attention to what's around you . ,"When driving across the road, it is crucial to pay close attention to the surroundings."
 Sorry . How far is the museum ? ,What is the distance between me and the museum?
 I am not sure . We will ask for directions in the coffee shop . ,I am uncertain. We will ask for directions in the coffee shop.
 Here we are . You find us a table and I'll get the drinks . ,We're at a table and I'll take the drinks. You find.
How about going to the cinema tonight ? ,"I'm planning on going to the movies tonight, can you tell me how I can make it?"
 That's great . What's on tonight ? ,I think that's great. What'll be happening tonight?
" I am not sure about the name of the film , but I know it's a romantic one . ","I'm not entirely familiar with the movie's title, but I do acknowledge it'd be a romantic drama."
 Romantic ? I am afraid I like thrillers better . ,"Is it possible that I am not into Romance novels? I have a preference for thrillers, but I find them more thrilling."
 Don't you think it's too bloody ? ,"Isn't it too much of a stretch to say ""No, not at all""?"
" On the contrary , very exciting . ",Quite exhilarating in the opposite direction.
I feel so uncomfortable . ,I feel so uneasy.
 Are you sick ? ,Is your illness affecting you?
 No . The teacher is dragging the chalk over the blackboard . It set my teeth on edge . ,My teeth are nauseous because the teacher is dragging the chalk I. am dangling over the blackboard and bringing the sand back on the lesson.
 He ’ ll finish writing in a minute . ,"In a minute's time, he'll be finished writing."
I have made up my mind . I am getting a tattoo . ,"I am about to get a tattoo, but I have made."
 Really ? Are you sure ? ,Is it true? Do you have confidence in your answer?
 Yeah ! Why not ? They are trendy and look great ! I want to get a dragon on my arm or maybe a tiger on my back . ,I'm not sure if you want to get a tiger on your back or squirting dragon on my arm since they're cool and I can't seem to keep it from being cool.
" Yeah but , it is something that you will have forever ! They use indelible ink that can only be removed with laser treatment . On top of all that , I have heard it hurts a lot ! ","I understand that they use indelible ink that can only be erased with laser treatment, and it can be a painful experience."
 Really ? ,What is the real question?
 Of course ! They use this machine with a needle that pokes your skin and inserts the ink . ,"They use a needle-like device that inserts inserted ink into the skin of the person and then into their own skin, of course, as if to make it conceivable."
" Oh , I didn ’ t know that ! I thought they just paint it on your skin or something . ",I was just thinking of something that's just painted on your skin or something. I thought that was really interesting...
" I think you should reconsider and do some more research about tattoos . Also , find out where the nearest tattoo parlor is and make sure they used sterilized needles , and that the place is hygienic . ","I think you should reconsider and do some research before you go ahead with your tattoo. Also, where is the closest tattoo parlor, and make sure the needles are cleaned and used properly?"
 Maybe I should just get a tongue piercing ! ,Is it a good idea to consider getting pierced with my tongue?
"Excuse me , what's the screen near your steering wheel for ? ","What is the purpose of the screen situated near your steering wheel? Excuse me, what is it's for?"
 It's a portable TV . It's a popular thing now . ,A portable TV that is now a common choice is gaining in popularity.
" Oh , that's new to me . So what's on everyday ? ",I'm not sure what's going on with me today. I have never heard of that before.
" News about current affairs , documentaries , music , movies , noncommercial ads and so on . ","Current affairs, documentaries, films, music, noncommercial ads, and more."
 Is there anything interesting ? ,Is there anything fascinating?
" Yes , there are something good and informative . I think that many people underestimate the value of TV in education . ","I find there are good and informative things on the topic. Nevertheless, I think that TV has a significant impact on education and, and I believe that people underestimate the value of TV in this area."
 I agree . Are there any commercials on the TV ? ,Is there any advertising on the television? I agree.
 Of course . Because the TV stations need to make money from commercials between the programs . ,"Of course, TV stations must make a profit from advertising in between TV shows."
 That makes a lot of sense . Does the TV work well ? ,Is the TV efficient in its performance?
 Not always . It depends on the transmission of the satellite signals . ,Not every situation is identical. It depends on the transmission of satellite signals.
 I got it . Do you pay for the programs ? ,Is it your practice to pay for programs?
" Yes , 50 Yuan per month . ",Is it true that I can earn 50 Yuan per month with a monthly budget of 50.
"Oh , no ! ","Oh, no!"
 How dreadful ! ,How awful is that?
 Look at the view from the window . ,View the view from the window.
" Oh , dear . That ’ s terrible . Not at all what I expected . ",I'm not entirely in agreement with that description. It's just not what I anticipated.
" It ’ s awful , isn ’ t it ? ",Isn't that dreadful?
 I can ’ t bear to look at it . I ’ m rather disappointed . ,I can’t bear to look at it. It’s disappointing.
 It can ’ t be helped . ,There are no ways to provide assistance.
"What do you do in your free time , Nancy ? ","Nancy, what activities do you engage in during your downtime?"
" Well , I like playing the violin . ",I have a passion for playing the violin.
 Really ? How long have you been playing the violin ? ,What is your real name and how long have you been learning to play the violin?
 About ten years so far . I started learning when I was in middle school . ,"I have been learning for about ten years now, starting in middle school and continuing through high school."
 That's really interesting . ,That's really interesting.
 Sure . So what about you ? Do you have any hobbies ? ,I'm curious to know what your hobbies are. Do you have any hobbies you're interested in?
" Well , I like collecting matchbox ! I'm not sure if that counts , though . ","I'm attracted to matchbox matchmaking, but I doubt its significance."
 Of course it does . Everybody has his own hobby . ,"Naturally, it happens. Every individual has their own interests."
How can I tell her about this ? ,What's the appropriate way to let her know about this?
" Don't worry , you'll find a way . ","There's no need to be anxious, you'll discover a solution."
 There is no need to be so frustrated . ,There is no reason to be so frustrated.
 How can you live without job in the future ? ,What are some ways to survive in the absence of a job in future?
" Don't worry , you'll find a way . ","There's no need to be anxious, you'll discover a solution."
What sports do you like to play ? ,Which sports do you have a fondness for?
 I like baseball and basketball . ,I have a liking for both baseball and basketball.
 How about football ? ,Is there any interest in football?
" In my country football is brand new , so I never learned the game when I was younger . ","I was not well-versed in football when I grew up in my country, as it is a new sport."
 It's a very popular game in America . ,"In the United States, it's a game that has gathered surprisingly enticing popularity."
 Yeah . I heard a lot about it . Is it really that fun ? ,I've heard a lot about it. Is it really that fun? I hear. It's actually quite fun.
" For me , it's one of those games that are fun to both watch and play . ",I find it to be one of those games that are both entertaining to watch and enjoyable to play.
 Are you a football player ? ,Is your background in football what you are after?
" No , I just for fun with my friends . We play two hand touch or flag football . We're too old to play tackle football . ","I'm just having fun with my friends, and we're just playing two-handed or two hand touch or flag football with some of my buddies. Unfortunately, we don't have the age to play tackle football because I can'T find any good reason to stop playing flag flag."
 What is two hand touch and flag football ? ,What is the difference between two hand touch and flag football?
" Instead of tackling somebody , you just have to touch them with two hands , or if it is flag football , grab the flag that the ball carrier is wearing . ","Rather than tackling someone, you can use your two hands to touch them or, in flag football, use the flag that the ball carrier is carrying."
 I see . It's safer then right ? ,Is it safe to assume that it's not a risky action?
" Exactly . We play every Saturdays on the field by the tennis courts . If you want to learn and play a little , you're welcome to join us . ","We play on the tennis courts' field and play every Saturday. If you want to learn and have a good time, join us if you can."
 I'll give it a try . Give me a call and let's go down together . ,Let's take a closer look and give it whirl. Call me and we'll be meeting up.
 Ok . I'll call you Saturday morning . ,"Ok, I'll call you on Saturday morning."
 Great . ,A great.
What upsets you ? ,What are the things that bother you the most?
" My parents called . As usual , they reminded me again that I should have a plan to marry by my late 20s . Easier said then done . Who should I marry ? I have no time to go on a date . ","I have a plan to get married in my late twenties, but my parents have reminded me that it's more manageable to wait until my climax to marry because I don't have the time to go on sex."
 It is not your mother finding one for you ? ,Is it not your mother finding a child for you?
" I will find one myself , of course . I ’ m a modern girl . ","I'll find one myself, of course, as a modern woman."
" Perhaps you can try the three minutes date , the latest type . ","Try the three minutes date, the most recent."
" You mean dozens of the opposite sex meet each other for three minutes in a dimly bar serving alcohol , I hate that idea . ","I don't get the idea of people of different genders meeting in a dimly lit bar for three minutes to drink, but I think it's incredibly unsettling."
" No , there is an updated virgin , three minutes video date . I know an online dating website providing such service with a microphone and webcam , you can sigh for it . You can be face-to-face with a guy talking for maximum three minutes . ","No, not at all, but there is an online dating site where you can have a three-minute video date and see an updated virgin. The virgin has accessed the site with eavesdropping technology and carries. You can be in limbo with the guy talking for at least three minutes."
 I don ’ t think it makes sense . Three minutes is such a short time . ,I don’t think it’s even a small amount of time. Three minutes is just too brief.
" I think you can find out if there is a possibility of romance within the first second of meeting someone , so-called love at first sight . ","I believe that you can determine if there is any romance within the first second of meeting someone, also known as love at first sight."
" Anyway , I don ’ t want to post my face up for sale on the internet like that . ",I'm not interested in selling my face online or putting it up for sale.
" Don ’ t worry . There are many other options using the internet as dating methods . Some sites operate at international standard even have got certifications . Of course , for these sites , you have to pay a membership fee . But all in all , it is more serious and professional . The chance of meeting a good and serious person who does not play games is higher . ","There are many other dating sites available online that offer a more serious and professional profile than those that are solely online. These sites offer certifications and have comparatively high membership fees, but overall, it is kinder to ear and more likely to be able to meet someone who is not primarily interested in playing games."
 I don ’ t want to post my personal information on the internet . I ’ m not knowing who is reading it . ,I'm afraid I might as well not publish my private details on the internet - but I don't know who might be reading them.
Are you going to the party on Saturday ? ,Is the party on Saturday something you're planning to attend?
 I was thinking about it . Are you ? ,I was contemplating it. Are you aware of anything?
" Yeah , I heard it's going to be a lot of fun . ","I heard that it was going to be a lot of fun, right?"
" Really ? Well , what time does it start ? ",What time exactly does it begin?
 It starts at 8 ,"At 8 pm, the clock reads ""I've finished my second report."""
" Well , who all is going to be there ? ",Which individuals are expected to arrive at the location?
 Everyone from school . ,Each and every individual from the school.
 How do you know it's going to be so fun ? ,What makes you think it will be a fun time?
" This party is going to have a DJ , food , and drinks . ","A party including a djeka, food and drinks."
" Wow , that does sound like it's going to be fun . ","I'm thinking it will be entertaining, can you imagine?"
 So am I going to see you at the party ? ,Is there a chance we could meet at the party?
" Yeah , I will be there . ","I will be there, yeah."
Could you talk to me for a few minutes about my grades ? ,Is it possible for you to discuss my grades with me?
 Step into my office for a moment . What is your concern ? ,I invite you to briefly enter my office and we can talk briefly about what concerns you.
 Am I failing ? ,Am I a loser?
 Let's go on the computer to see what's up . Do you think you are doing well ? ,Let's use the computer to check our surroundings. Are you feeling well?
 I am pretty sure that I am in trouble . ,I am fairly certain that I have a problem.
" I can see that you are trying , but where do you think you could improve ? ","I'm noticing that you're putting in a lot of effort, but where do you think you could go if you were able to do more?"
 I missed a few classes ; I need to make sure I come to school on a regular basis . ,I'm struggling to attend classes on time; I missed a few of them; it's now my responsibility to return to school regularly.
" Having a regular study routine and following it is very important , right ? ","Is it true that following a structured study schedule is crucial, given the importance of regular study?"
 I'll try ; it's hard ! ,I'll give it my best shot; it's going to be tough!
 Thanks for stopping by ! ,I appreciate your visit!
Good luck on your test tomorrow . We'll be crossing our fingers for you ! ,We hope your test comes back to your inbox tomorrow - keep in touch with us!
 Thanks . ,I appreciate it a lot.
I'll never ever work together with him ! ,I'll just stay away from working with him!
 What happened ? Quarrel again ? ,What's the latest news on the conflict?
 Will you take my materials back from him for me ? Please ! ,I request that you take my materials from him for me. Can you do this?
 Don't ask me . I don't wanna be involved in your quarrel . ,I'm not interested in getting involved in your argument.
"Oh , my God ! I've been cheated ! ",I'm sorry to say that I was swindled!
 What ? What did you buy ? ,What did you acquire that was important to you?
 It's a brick ! I can't believe how stupid I was . Damn it ! ,I'm so amazed that I couldn't remember any of it. I can''never get over how unintelligent I was. Damn it :(
 What is it ? Why did you buy a brick ? ,What is the object of your purchase? What led you to acquire a brick?
" There was a guy on the sidewalk.He had three new boxes , Panasonic video camera boxes.He said he had to get rid of them quick . ",A young man with a further three Panasonic vcd boxes found on the sidewalk demanded that he quickly get rid of them.
