Sentence,Formal_15
"The In-Laws movie isn't a holiday movie, but it's okay.","The In-Laws film isn't a holiday movie, but it's not bad either."
I don't think that page gave me viruses.,I've never encountered a virus on that page that I suspect gave me the wrong type of information.
"I watch it everyday, my favorite charachter is Inuasha.","I watch Inuasha every day, and I have a special place in my heart for the charachter that I love the most."
Funbrain.com and runescape.com are great for family fun.,Funbrain.com and runexcursion.net are two websites that combine family-oriented gaming and entertainment.
He was on the Late Night show with Conan O'Brien and seemed gay.,He appeared gay on the Late Night program with Conan O'Brien and appeared with him on Connobrien.
Mel Gibson is a strong believed of God.,Mel Gibson is a pious believer in God.
My exams are not over yet because I still have one left.,"I have one exam remaining, so I am not counting them."
Sky Kids 3D: game over.,Sky Kids in three dimensions: game in progress.
His mom was a wafer so long.,"A wafer that was too long for his mom, he was a wader."
I am entirely off or does that help.,Is that entirely incorrect or does that benefit me?
Her name is Jessica.,Jessica is the person who goes by that name.
www.us.imdb.com is probably one of your best bets.,It's highly likely that www.us.imdb.com will be one of your top choices.
Titanic is my favorite movie and I cry when I see it.,I tear up knowing that Titanic is my absolute favorite movie and I can't resist the urge to cry.
It gives us something to do.,It gives us a certain amount of work to do.
"He is debonair, or perhaps more than that.","He is either degrading, or possibly more than that, in your opinion."
Many people enjoy the MLB.,The MLB is a favorite among many people.
"I do not possess that model, but I am partial to my Creative Zen Micro","I have no desire to own that model, but I do have a piece of my Creative Zen Micro."
I viewed it and I believe it is a quality program.,I watched the show and I have a feeling it is dependable.
She is a poor vocalist.,She is a terrible singer.
He is very attractive.,He is very good-looking.
"This is an example of something someone, who is age 20 and married, would do.","An example of something that someone would do is someone who is married and 20 years old, as if they were 20 and still married."
What am I getting paid for doing this?,What is the amount of money I am receiving for doing this?
Listen to what the first person who answered said.,Pay attention to the words of the first respondent who gave a response.
"He could fly that plane, and I think that is funny.",I find it funny that he could take that plane.
"This was an interesting book, story, and movie.","The book, story, and movie were all captivating."
"Sir, it is not good for you.","Sir, it is not good for you, then, nothing is good."
"it is not open to interpretation, however you can take pleasure in it.","It cannot be interpreted, but you can enjoy it."
"I have not seen the television series, however I have seen the R.O.D","I have not viewed the television series, but I did see the R.O.D."
"When he urinates it is batman, which is funny because he loses weight in water.","When he stains to death, it is like playing batman, which is funny because a person loses weight in water."
I like to spend time by myself.,I enjoy being alone and spending time outside.
I guy walks into the bar.,The man walks into the bar.
"Downloading music from other computers is illegal, but you can do what you want.","Music can be downloaded illegally from other computers, but you have the option to listen to your own music."
Go to yahoo.com and click on images and type his name in the search box.,"To access yahoo.com, click on images and search for his name in the search box."
He and the other guys agreed on the final cut.,He and the other men came to a decision on the final cut.
We went to the other side.,We proceeded to the other side.
I didn't know HBO existed in the 1980s.,I had no knowledge of HBO in the 1980s.
"Yes, but not for episode IV.","Yes, but not for episode IV."
You can look at www.oprah.com.,Visit www.oprah.com to learn more.
"It is impolite to use all capital letters, Dead Fish Ollec the Fish Slayer.","The use of all capital letters is not acceptable, as demonstrated by Dead Fish Ollec the Fish Slayer, which is a prank."
Anyone would cry at these movies.,The movies are so emotional that they could make you cry.
What I like is that you let yourself go. (Hard!),I find the feeling of being able to let go and move on.
"Entertainment, that's what I want for my $8.00.","Entertainment, that's the amount I'll receive for my $8.00."
"That dude, skip him, he said he knows the lead singer, hes lying.","I'll take a look at that guy, he mentioned that if l was the lead singer, I know him, but omitted his name."
I was first out of all of us. Do I get the points?,"I was the initial one to arrive out of all of us, so can I claim the points?"
"Rest assured, though Showtime is talking about starting it, so it will be better.","Rest assured, it will be better, even though Showtime is discussing starting it."
it depends on how much money and drugs you have.,"The amount of money and drugs you have, as well as other factors, determines it."
The Bangles Hazy shade of Winter.,Bangles & The Hazy Colour Collection in The Banglers' Haze of Winter.
But the longest word in the dictionary is antinonestablishtarianism. I think that is how you spell it.,"I've heard you mean, antinonestablishtarianism is the longest word in the dictionary. How do you spell that?"
Probably at the Ricky Ticky Tavy store.,Probably at the Ricky Ticky Ty Tavy store.
The gang is all here; goodbye to all the rest!,The assemblage is all set; the rest is departed from the others; hello to the gang!
"The movies are Big, Sleepless In Seattle and I hope the Da Vinci Code.","The movies that are part of the package are Big, Sleepless In Seattle and I hope the Da Vinci Code."
You do not want to go to hell.,"You cannot go to hell, you cannot allow it."
The wild and sexy lady from Brazil is quite a hot woman!,"The Brazilian woman, who is known for her wild and sexy fashion, is quite a hot woman!"
Two are The Word Is Not Enough and Tomorrow Never Dies.,The two are The Word Is Not Enough and Tomorrow Never Dies.
"There were three of them, my daughter, my sister and one of my exes.","My daughter, my sister, and one of my exes were the three of them, which were my daughter and sister."
"Fort Minor is the name he is currently using, I do not believe he is working on any side projects.","Fort Minor is the name he is currently using, and I do not believe a side project is involved."
"I like a wide array of music, from all different generas.","I have a fondness for countless musical genres, spanning various genre genre."
That is the reason why I enjoy listening to dance and techno styles of music.,"Dance and techno music is my preferred genre, which is why I enjoy listening to it."
"I think they are okay, unfortunately they will have to buy their own tickets to the HOF like we did.","They seem to be doing fine, but unfortunately, they will have to purchase their own tickets to the HOF, which we did."
I have attempted it that way and it does not work.,I have tried doing it in that way and it does not work.
"It could be true, but I do not know for certain.","It could be accurate, but I am uncertain."
"I cannot reach my own elbow to lick it, but I can reach my Mother's.","I am unable to lick my own elbow, but I can reach my Mother's."
I ask such riddles so that I can test other's minds more than my own.,I ask such riddles because I am able to challenge others' thinking and gain an edge over myself.
"Perhaps you could try rephrasing your question, then re-posting it and you may get a better answer.",I've read that rewording your question and then submitting it again could lead to a better answer.
Take a pass on playing and instead invest time viewing the New Years Special.,"Instead of just playing, make the most of your viewing time by watching the New Years Special."
"My preference is As the World Turns on Slim Shady LP, but anything he produced after The Eminem Show was lacking in quality.","Slim Shady's As the World Turns album is my preferred choice, but any subsequent work after The Eminem Show was subpar."
"I am including a list of items you can get free of charge, as well as a list of things I have already obtained for free.","I am including a list of free items you can get, as well as dozens of things I have already earned for free."
First Davey Jones and then it would be Ann Murray.,"Ann Murray, First Davey Jones and subsequently First Ann Dave."
Very correct to say that he is.,It's entirely accurate to say that he is.
She's still a slut.,She's still a compromising woman.
"On day three, I finally received the movie they sent me.",The movie they had sent me was finally delivered on the third day.
Ha ha. Got to give credit were credit is due.,I'll give credit where credit is due.
Favorites: My Chemical Romance or Avenge Sevenfold,My Chemical Romance or Avenge Sevenfold?
"For sure, 9pm was very hard.",It's a given that 9pm was incredibly difficult.
I think she is unvirtuous.,I consider her to be unkind.
On the third day I received the movie they sent.,The movie was sent to me on the third day and I received it on my third try.
You have to give credit when it is earned.,Crediting yourself when it counts is important.
Do you prefer Avenge Sevenfold or My Chemical Romance?,"Which one do you think is the better option, Avenge Sevenfold or My Chemical Romance?"
9 pm was a difficult time.,The time of 9 pm was a challenging situation.
Her intention was that he should remove the flags.,Her intention was that he should take the flags off.
"In my opinion, the band is quite enjoyable.",I think the band is quite enjoyable as a band.
How creative do you think people were in the 1960s?,To what extent did people exhibit creativity during the 1960s?
"I prefer to use it for my music, movies, and books.","I use my music, movies, and books with it."
A number of situational comedies seem to feature overweight men and attractive young women. One such example is King of Queens.,"Situational comedy movies that showcase overweight men and attractive young women, such as King of Queens, may appear in many productions."
She inferred that she wanted him to get rid of the flags.,She thought she wanted him to remove the flags.
I think they're still a good band.,"Despite everything, I believe they're still a competent band."
How creative do you think they were? It was the 60's.,Were you of the opinion that they were very creative in the 60's?
"I always use that app for music, movies and books.","I rely on that application for music, movies, and books."
A lot of sitcoms recently with chubby guys and hot girls. Like:King of Queens.,"There have been many sitcoms lately about chubby guys and hot girls, like the ""King of Queens."""
You should consider that 99 cents per person times the number of people sending money results in a large amound of money.,"Considering that 99 cents per person multiplied by the number of people sending money equates to a massive amount of money, you may be surprised at how much money is generated."
I think that Titanic cost around 300 million dollars.,I estimate the Titanic's cost was worth about 300 million dollars.
"An infant, a child or adult, and an elderly person with a cane","An infant, a child or adult, and an elderly person with cot and cane."
You should simply make people laugh and be yourself.,You simply need to be yourself and make people laugh.
Falling Up is a bit similar to Linkin Park.,Falling Up is somewhat reminiscent of Linkin Park.
They are coming out with many more games.,Many more games are coming out from them.
That was more information than you asked for.,More information than you could ask for.
Who cares about what clothes that seventeen magazine says are trendy.,Seventeen magazine suggests that the fashion industry is not interested in the trendy clothes of its readers.
The man who sings for The Cure.,The singer of The Cure.
"Well, a geek, to me, would have to be someone that I could ask a question.","To be a geek, I mean, someone that I could ask if I wanted to."
His last name is Japanese.,His surname is of Japanese origin.
"It doesn't, but the video was funny.","The video wasn't the intended outcome, but it was still funny."
You should use a software called media monkey.,Media Monkey software is a must-have software for you to use.
They can't be too new after three months.,"After three months, they can't be too fresh."
The one in my living room.,The one in my living room.
"They are the Knights who say ""Knee"". Later in the movie they become the Knights who say ""Ichy ichy potanga"".","The Knights in the movie are the ones who say ""Knee"" and later become the Knight's who says ""Ichy ichy potanga"" in later scenes."
Joey although I do not like his new show. It would be better if he was not the only character.,"I have mixed feelings about Joey's new show (I don't like it, but I think he'll be cool). It would be nice if a different character was included in the cast."
You will not need to look up 'revolver' if you are as old as I am.,'Revolver' is not a term you will need to look up if you are as old as me.
Ebay is my first suggestion but I also have another.,"Either you buy on ebay or I have a different idea that I recommend, and I'm the first to admit it."
They won because they cheated.,They were victorious because of cheating.
"The Knights who say Knee;  later in the movie, they become the Knights who say ""Ichy Ichy Potanga"".","The Knights who say Knee; later in the movie, they become the Knight's that says ""Ichy Ichy Potanga""."
Joey though I didn't like his new show. I guess it's better if it's not just him.,"I didn't enjoy Joey's new show, but I found it unappealing. I guess it'll be more awkward if it wasn'T just Joe."
"Revolver - If you're old like me, you don't need to look it up.",Revolver - It's not necessary to search for it if you're old like me.
"I have two suggestions, the first is Ebay!","I'll give Ebate as my first suggestion, first of all the things I know on Ebay!"
"They all cheated, and all worn out.",They all resorted to cheating and exhaustion.
"Try everything, and perhaps Cepacol as well.","Give Cepacol a try, and you might as well try anything you like."
She mainly played the leg part.,She primarily acted on her legs.
I can almost still hear Moe's voice asking something.,"Moe's voice is almost too clear for me to hear him asking, and I can hear his question almost immediately."
"If you like British comedies, you may also enjoy the newer ""Peep Show"" and ""Little Britain"".","British comedians who enjoy shows like ""Peep Show"" and ""Little Britain"" may also enjoy ""Weekend"", a comedy series that airs in cinemas and is based on the BBC's BBC Three."
"For a general manager, I think they could find someone better.",I believe a general manager could benefit from having fewer resources and more time to invest in someone more capable.
"My mom wants a gay friend in the morning, but I don't know why.","I've been waking up with the realization that my mom wants a gay friend every morning, but I don't understand why."
It depends on what room you are putting it in.,The room in which you are putting it depends on the space you intend to use.
"I love that station too. Go to exradio.com, then go to what we play and click on that channel.","I like this station as well. Exradio.com, then browse through what we play and click on that channel."
I just got out of an argument.,I recently resolved the issue after a disagreement.
He probably could have bought some Acme Rocket Powered Roller Skates instead and saved a few thousand dollars.,He could have easily saved a few thousand dollars by purchasing Acme Rocket Powered Roller Skates instead.
I am a day walker.,Day walking is a part of my exercise routine.
Rap groups do not usually get far.,"Rap groups typically do not reach far, despite being rehearsed frequently."
I would advise you to go to  the site that I mentioned.,I would suggest you to go to the site that I mentioned.
One of my favorite songs by one of my favorite bands.,A favorite tune from one of my favorite bands and one or two of all time.
His income is too high in my opinion.,I believe his income is too high and he is not entitled to it.
"Yes, I believe this ti be the best answer.",I think this is the most suitable answer.
"Happy Holidays, and consume many cookies.","Happy New Year, and enjoy a large quantity of cookies."
"Go to TV.com. Believe me, this site has information on every show that has ever been created.","TV.com is a great source of information on all the shows that have been produced, and I guarantee it, as this site has all kinds of content."
They are still making profit off of the products that they have not fully released.,"Despite not releasing their products completely, they are still generating profits from them."
"Illegal from Oral Fixation Vol. if you want something on English, or Cd.",Illegal from oral fixation Vol.
"I love the movie ""Romeo and Juliet"".","""It's a wonderful movie...Romeo and Juliet""."
Nothing is free so you should put it on your Christmas list.,You can add nothing free on your Christmas list.
Remember to sally forth.,Remember not to rush.
Anyone who guessed 36 are correct.,Those who correctly counted 36 are correct.
Mine is no longer in working order but I have plans to replace it.,Mine is not functioning anymore but I have a plan to replace it.
"It is I, and it resembles cheese.","Like a piece of cheese, it's called I."
Which is true for all of Rush.,"All of Rush, that's the case."
"I get pop up block notifications from most websites, yahoo included.","I receive block notifications in the form of pop up blocks on most websites, including Yahoo, despite receiving only pop-up block-notifications from certain sites."
"It is sharing making it legal, if you were to download it from the website that would be breaking the law.","The website is being shared, making it legal, but downloading it from the site would be illegal."
I do not know. I am sorry.,I am not aware. I apologize.
I am quite excited for the new 24.,I am very much looking ahead to the new 24 and I can't wait any longer.
People have told me many times that I look similar to Ringo Starr.,"I have been told by many people that I resemble Ringo Starr, a character they may have even gone to see."
"Additionally, many phrases have originated there, including ""No soup for you.""","Moreover, there are several idioms that have been created there, such as ""No soup for you."""
She thought that it was pretty good.,She said that it was pretty good.
"Oh my Miranda, I need a bra. So that Ethan Craft will like me more than that slut Kate.","Miranda, I need a bra for my sassy Kate. I'm hoping that Ethan Craft will like me more than he does."
I don't know. I just heard it somewhere.,I've heard that phrase before but I don't recall.
"No, it's all in the timing. What the audience is looking for.","The audience's preference is all about timing, not quantity."
Lil' Jon and the Eastside Boys get low.,Lil' Jon and the Eastside Boys go bonkers.
I'm jealous you got to hear from anyone!,"I'm happy to hear from you, but I don't think you got to know anyone!"
I think that if I wear a bra then Ethan Craft will like me more than Kate.,"Wearing a bra could lead to gaining more affection from Ethan Craft than Kate, as I believe I will be favored by him."
"I do not know, I just heard about it somewhere.","I have heard about it, I don't know, but I heard something about this recently."
"It is all in the timing, and what the audience is looking for.",The audience's preference is determined by the timing and location.
Lil' Jon and the Eastside Boyz are great.,Lil' Jon and the Eastside Boyz are great.
I am jealous that you got to hear them.,I am envious that you were able to hear them.
"For all his intelligence, the professor was unable to make a simple patch for the boat.","The professor's intellect was not the only factor in his inability to create a patch for the boat, despite his intelligence."
"If Bruce Wayne was to take steroids, he would own Spiderman.","In the event that Bruce Wayne was to undergo steroid treatment, he would own Spiderman."
Donnie Darko and American Psycho are two of my favorites.,Donnie Darko and American Psycho are two of my favorite movies to watch.
"The character Roger on ""American Dad"" makes me wonder.","Roger, the character in ""American Dad,"" makes me ponder the role."
A lot of bad things happened.,Many unfortunate events occurred.
His first single was call me a mack.,Calling me a. m. was his first single.
Dimien Rice is about 5'8.,Dimien Rice's height is around 5'8.
Fun with Dick and Jane is a remake.,A remake of Dick and Jane's Fun with Dick is included.
I like to eat corn on the cob.,I have a preference for eating corn on the cob.
Go to 106 and park when he is there.,Park at 106 and proceed to a stop at Terminal 107 while he is present.
All I can say is it's better not to talk about 50 Cents and asses.,It's best to avoid discussing 50 Cents and asses.
How about the fact that Lisa has a boyfriend?,"Lisa may have been in a relationship, isn't she?"
"I believe he's Christian, maybe Jewish.","I think he'll be Christian, or maybe even Jewish."
"He's correct, it's a fantastic song.","He's correct, it'll be a fantastic song."
I'm giving 71 out of 100.,I'll give a score of 71 out of 100.
How much do you love gas? (give me more gas!),"Gas, how much do you love it? (seriously, please, give me more gas!)"
"For Halloween when I was little, I was him.",I was accompanied by him on Halloween when I had a younger son when Halloween came around.
I prefer all the old films.,I have a preference for all the old movies.
"Seinfield, That 70's Show, and War at Home.","Seinfield, That 70's Show, and War at Home."
That new song is just for the Greatest Hits.,The new song is exclusively for the Greatest Hits.
Basket: slam dunk for a grand protagonist.,Basket: slam dunk for a dramatic hero.
"I'm not sure, but maybe that may help someone else.","I've been unsure, but maybe that can be of some help to someone else."
No information available yet. Go to pinoisepop.com for previous festival information.,"Until there are more details on the festival, check out pinoisepop.com for previous year's schedule."
The bouncer from the pub next door...,The next door bounce from the nearby pub...
Jerry is definitely a male. Because I've seen a cartoon where JERRY falls in love with a female.,Jerry's identity as a man is undeniable. He'll be portrayed as gay after falling in love with Veronica.
"No, not at all. It is not good for your health.","No, not at all. It is not good for your health."
"No matter where you are, when a 90's song comes on, people always respond with the word, ""Oh.""","People are always quick to respond when a 90's song is played, regardless of where they are, with the phrase, ""Oh."""
You are telling me that there are people out in the world who do not like them?,Is it true that some individuals do not like them out there?
"Also, you will get to learn about O.W.L.","Moreover, you will be introduced to O.W.L. in the process."
"Come on, three months and no choice?",Three months and no choice? Is this three months late?
It may begin during the Spring or the Christmas season.,It is possible that it will start in the Spring or Christmas season.
"I enjoy dancing to ""Baby Got Back"" by Sir Mix-A-Lot.","Sir Mix-ALot's ""Baby Got Back"" is one of the most enjoyable dances I've ever been a part of, and it'll have me dancing along."
"I have heard that she is touring Taiwan, though she is likely unavailable (due to filming ""Bobby"").","I have heard that she is touring Taiwan, but it's possible that it wasn't there (since she was filmed for ""Bobby"")."
"He has a lot of power when he possesses his firearms, though without them he is likely weak.","He possesses considerable power when he has his guns, but if unable to obtain them, a person is likely to be weak."
Darth Vader would not have any opportunity.,Darth Vader would not have any chance.
I really enjoy Dragonball Z.,Dragonball Z is one of my absolute favorites.
"Try www.allmusic.com, it's my favorite site.","I highly recommend checking out www.allmusic.com, my go-to site."
"Everyone knows who Tom Petty is, he sings Free Fallin'.","Tom Petty, the man behind the song Free Fallin', is a well-known artist."
Fall out boy isn't my favorite. I'm not sure why everyone enjoys them.,"Fall out lily (sheeps of a trap) is not my thing, I mean, not why do people like fall out boy?"
"Rock Roses is the same as Stone Roses, so I don't think so.","I've heard Rock Roses is the same as Stone Rose, so I don't think that's accurate."
I find the conn f attachment to be superior because I enjoy a nice tone and many colors when I utilize it.,The conn f attachment is my preferred choice because I enjoy a vibrant color and contrasting tone when I use it.
"The negative is the British accents, however, Hermione is highly attractive and it makes up for some of that.","Hermione is a highly attractive person, even though the negative accents are due to British accent."
If it was that successful then it must be worth possessing.,"In the event that it was successful, it must be valuable to own."
"There are those that wish to extend the season to an entire year, and that is the reason for the break and vacation time.","Some individuals intend to lengthen the season by a full year, and that is why the holiday and vacation time are provided."
I found 24 to be politically conservative in nature.,Politically conservative was the name of 24.
"I know, but I can not remember.","I am aware, but I cannot recollect."
This happens only after having seven burritos.,Only after consuming seven burritos will this occur.
Bad women seem good for pornographic movies.,Women who are not good at pornographic movies often appear attractive in those films.
"Yes, look at Anjelina and look at the movie.","Yes, take a look at Anjelina and watch the movie."
I believe that you mean the television series.,The TV series is what you want to hear.
I do not think it is important because she is hot.,"I do not believe it matters much, she is hot."
"Bart Simpson is excellent, but Bugs Bunny is a classic.","Bart Simpson is superb, but Bugs Bunny is a workhorse."
Can't you hear me knocking.,"I'll be knocking on my door, can you hear me?"
I would rather listen to rock anyway.,"Rock music is my preferred choice, even though I might not like it."
It must not be allowed.,It should not be permitted.
I cannot think of anything else.,I cannot imagine anything else.
He will be 120 in 2100,"He will be 120 in two hundred years time, so he will have a new bf in 2100."
"While it is dated, it is always a supreme choice.","Despite its age, it is always a superior choice, even if it's outdated."
"It will always be negative, no matter what it is always wrong.","Regardless of what it may be, it will always be negative."
It looks as though they are going down their own unique path.,They seem to be following their own path.
"Shelly, I must say that it is positively just you!","Shelle, I am of the opinion that it is absolutely correct of you!"
"unless it is a garage band with  no true fame, the answer is no.","Unless it is a mediocre garage band with no real recognition, the answer is no."
Sorry that I am laughing out loud.,"I am laughing out loud, and I apologize for my late response."
I do not know why people repeat what is not true.,I am unaware of why people keep repeating false information.
"I really like him, Karin and Kazune.","I have a great fondness for him, Karin and Kazune."
"Hello, please stop at the deli.",Would you mind stopping by the deli?
Mighty Mouse is Kripto the super dog.,"Mighty Mouse, also known as Kripto the super dog, is the dog known for his super powers."
I love to play my guitar and I do not know why.,I have a strong passion for guitar playing and I am unsure of why I choose to pursue it.
"You aren't too fast catching up to the internet, huh?","You're not catching up with the internet speed, right?"
All I know is that I can download music onto my ipod.,All that I can tell is that my iPod can play songs and I am only aware of downloading it.
Throbbing Gristle is the best.,The top-notch Throbbing Gristle is the one.
It is creepy and hard to eat a Whopper after being around King Kong King.,"After being in the company of King Kong King, it is creepy and it's hard to eat a Whopper, which makes it difficult to chew."
Click the URL and watch the clips.,Watch the clips by clicking on the URL and clicking the play button.
We have to learn people.,We need to develop our interpersonal skills.
We like the law and order credits.,"Law and order credits are a favorite among us, as they allow for them."
I have to say the 80s.,The 1980s is the era I remember the most.
Radiolocator.com hooks me up.,Radiolocator.com gives me access to radiolocoator's website.
Just try to catch up with the sound of waves on the beach.,You simply have to try and catch a sound from the beach as the waves snarl.
"I don't know, but I just saw the preview for the season finale. I'm sooooo excited!","I've been waiting for the season's finale, and I can't believe I didn'T see the preview yet."
"Why go buy it? When u can get it for free, right?",Is there any point in buying something if you can just get it for free?
"This is the story of a girl, who cried a river and drowned the whole world.","The story of a girl, who cried engulfed savagely in midst of the world, is the story."
"In comes Joe Nathan, in the 9th...","In the ninth position, Joe Nathan is present..."
I have no idea who Louie Anderson is.,Louie Anderson is a name that I am unfamiliar with.
Happy Birthday to Margo Sylvia.,Happy Birthday Margo Sylvia!
The gang is all here and its time to lay them to rest.,The ring is here and it's time to put them to rest.
He saw food on the other side.,He observed food on the other side.
Three is the lucky number.,Three is the number that is considered lucky.
Four women who sympathize with the best of them.,Four women who share the same emotional struggle as the best of them.
Summer lost Seth's baby.,"Seth's child was not with Summer at the time, but Summer had to take him away from Sethal."
Listening devoutly to Gospel music helps me deal with my emotions.,"To cope with my emotions, I find that listening to Gospel music is a devoutly good way to deal with them."
"Was Alex, but probably change to Kaitlin","Alex was changed to Kaitlin from Alex, but it's possible that he became Kaitell instead."
His grandmother's slang name is of some nationality.,"His grandmother's slang name, which is derived from his ancestry, is of some nationality."
You can choose to go to the next chapter or select the menu button to return to the main page.,"Alternatively, you can skip to the next chapter or use the menu button to return to your main page."
This movie has potential to be nominated for an Oscar just like the other movies.,"Similar to the other films, this movie has the potential to be nominated for an Oscar."
"Spelling the word ""rapping"" without the second p changes the entire meaning of the word.","The word ""rapping"" is completely changed when the second letter of the alphabet is used to spell the word without the letter ""p"" and only the first letter (""p"") is skipped."
The story is about a girl.,The plot centers on a young woman.
I believe she starred in the movie Van Helsing.,I have a feeling she played ill in the movie Van Helsing.
I enjoy watching the show and Patrick is my favorite character.,Patrick is my favorite character and I enjoy watching the show immensely.
The band Thousand Foot Krutch perform a song called Rawk Fist that is very good.,"Thousand Foot Krutch are responsible for the song Rawk Fist, which is a very good rendition."
He said it was very embarassing.,He expressed that it was extremely humiliating.
You will need to make a playlist with the songs that you want to listen to on it.,Make sure to make a playlist of the songs you want to listen tos make it the playlist you have chosen.
Do something you have never done before.,Do something you have never done before.
"No, but I found it really humorous.","I found the answer incredibly amusing, even though it was a big no for me."
They liked Latoya Jackson too..,Latoya Jackson was also a fan of theirs.
I believe her name was Cheryl Pepsi Riley.,Cheryl Pepsi Riley was the name I believe she went by.
You should use a picture of Jay-Z.,"A photo of Jay-Z is acceptable, just don't use it."
Everyone is wrong except for me. All of their songs are the best.,"I'll be the sole person who is wrong, but I think all their songs are the best."
I think both are very talented.,I believe they are both very talented.
"It is like people have inquired, ""Is Rush Limbaugh finished? Because I do not hear about him much lately.""","Rush Limbaugh's recent media attention has led to speculations such as, ""Is he finished?"""
I am watching good classic television shows on TV Land.,TV Land is where I can find good classic TV shows to watch.
You can always do secret Santa or a cookie walk or exchange.,"Secret Santa, a cookie walk, or cookie exchange are all options for you to consider."
Try searching on Yahoo! movies.,Give watching movies on Yahoo! a try.
Sound proof everything you do or else it will not sound good.,Make sure to have a soundproofing system for all your actions or they will not sound good.
My husband says that I am like Brooke every day.,"My husband says that every day, I am like Brooke."
"The Breakfast Club, Now and Then, and Mean Girls.","The Breakfast Club, Now and Then, and Mean Girls."
The doctor on the show called them puppies.,The doctor on the show referred to them as puppies.
She has an album coming out called Candy Coated Sugar Sex.,She is currently working on an album titled Candy Coated Sugar Sex.
"May I remark, let's all become unified?",Is it not possible for us to unite and come together as one?
"Who perchance is feeling frightened because of the large cruel wolf, the large cruel wolf, the large cruel wolf?","Which group of people is experiencing fear due to the large, cruel wolf, the vastly cruel, and the enormously harsh  Wolf?"
"The experience was adequate... :-) Here's wishing you, John, a danger-free and enjoyable New Year's.","John, I hope that you had a safe and enjoyable New Year's."
"I'm somewhat unenthusiastic about the Cheetah Girls, however I remain the staunchest proponent of the Ravens that has ever exis","Despite my lack of support for the Cheetah Girls, I am the most enthusiastic advocate of the Ravens that has ever lived."
"However, in the most minor of considerations, you attempted it, correct?","Despite the slightest skepticism, you tried it, correct?"
"Well, first, you have to get lots of hands on experience.",Obtaining extensive hands-on experience is crucial to a successful outcome.
"Tell their ending, block the channels, and give them a interesting alternative.","Ensure their ending, block the channels, and present them with an interesting alternative."
"Oh my goodness! It had to be the old lady with the monkey, and the preacher visiting.","Oh my goodness! It must have been the old lady with the monkey, and the preacher who came."
It is not the greatest song ever.,It is not the greatest song of all time.
"I am very indecisive. Ellen, Rita Rudner, Roseanne... I don't know.","I am very indecisive. Ellen, Rita Rudner, Roseanne... I don't know."
I am only aware of his employment in an office with a less than stellar secretary.,"I have knowledge of his working in an office with a subpar secretary, but I am not aware of anything else."
"Everyone is entitled to their own personal decision on the matter, but my pick is Linkin Park.","I'll personally vote for Linkin Park, but everyone has the right to their own personal choice."
Anyone who chooses to listen to them instead of Howard is obviously lacking intelligence.,"Howard is clearly not a smart person, so anyone who listens to them instead of Howard seems foolish."
"As far as I am aware, he is being a different person now.","To the best of my knowledge, he is no longer the same person."
I find it very attractive that she is older than my own mother.,Her being older than my own mother just makes me very happy.
"Also invest in lessons, they are very helpful, and good luck.","Moreover, it is worth considering lessons as a valuable resource, and I wish you the best."
You simply go to google.com and enter the information you are searching for.,Access google.com and type in the information you are looking for by going there.
"Negative, but my mother will  make my father turn off what she refers to as his devil music.",My mother will force my father to turn off what she labels as his devil music.
He has a more attractive look.,He has a more appealing appearance.
They are both homosexual in nature so I am unsure.,I am uncertain if they are both gay since I cannot determine their sexual orientation.
It looks like you have a long wait ahead of you.,"Waiting seems long. Wait, wait for you."
MSN usually has what you are looking for.,MSN typically has what you need.
Full House is a Korean movie.,Full House is a Korean film.
"I miss the irreverent, screw-you, type of lyrics.",I long for the lyrics that are both irreverent and screw-you.
"""J'like dags?"" is an all-time classic.","""J'like d'hump?"" is a timeless classic."
Check their histories to see if they still exist.,Check if their records show any surviving survivors.
I could do this for one more season.,I could manage to do it for another season.
"Do not be alarmed, this is not contagious.","This is not a contagious disease, so do not be anxious."
Mr. Goldman saw a flash of light across night sky over the the Rocky Mountains.,Mr. Goldman observed a bright flash of light across the night sky over the Rocky Mountains.
I would like to watch more episodes.,I want to watch more episodes.
"Marvel Girl, Angel, Iceman, Cyclops, Professor X, and Beast.","Marvel Girl, Angel, Iceman, Cyclops, Professor X, and Beast are just a few of the titles that have been added to the franchise."
It will take another year I suppose.,"Another year, I suppose, will be necessary."
I drink whisky. You drink wine. Guess what you all it's Gangsta Time!,"Whisky and wine are both part of my diet. You must be in the Gangsta Time zone, right?"
Paris Hilton & Nicole Ritchie because they are both media idiots and they deserve each other.,Paris Paris-Hilliburton and Nicole Ritchie are both media nomads and should be in a relationship.
Darkseid. If he used his brains properly.,Darkseid could use his brains to do the right thing.
"If I recall correctly, it is that he will die.","He is likely to die, if I recall correctly, so it is."
"In my opinion, rap is not really music, it is just talking, mostly about drugs.","I think that rap is not music in the sense that it is talking, mostly about drugs."
That is what I was going to say.,That was my intention.
I think it was the female detective.,I believe it was the female detective.
You have me on that one.,You have me on that one.
"I also really appreciate La Tortura, but then again, I do not know anyone who does not like it.","I also have a fondness for La Tortura, but I am not aware of anyone who does not enjoy it."
"I believe you can have mp3s downloadd from peer-to-peer software, just like dc++.","I think you can have mp3s downloaded from peer-to-peer software, just like you do with dc++."
"I am a sincere, romantic, virgo male who is looking to treat a woman with care and love.","I am seeking a woman to treat me better as he shows i am virgo, romantic, and loving. I want to know how I can do this in Virgo and show her care and attention."
He was obviously not disciplined enough as a child and it shows in his adult behavior.,He was evidently not well-managed as a child and it's evident that it doesn't change as an adult adult.
That is the information I took away from the movie.,I departed from the movie to gain knowledge of certain things.
"Knock, knock. Who's there? Orange. Orange who?","Knock, knock. Orange. Knocked, Knocken, lock. There's an Orange who? Orange? Knot,knock. Who'll this be?"
I have both of their CD's and they're fantastic!,I have both their CD's and they're excellent!
"Twelve years old. I don't recommend it at all, at that age.","I wouldn't suggest it at twelve, given the age of twelve."
"If you ever have a chance to see him live, you should go.",He is a great person to see if you ever get to witness his person in person.
I don't think so. But tomorrow is Valentines Day.,"I've heard that tomorrow is Valentines Day, but I don't think it's worth celebrating."
"And you call yourself a Nirvana fan, but you do not know about Foo.","You may be a fan of Nirvana, but you are unaware of Foo's identity."
This is really derogatory and is not funny at all.,This is genuinely insulting and is not even humorous.
"Stern is too self-absorbed to still be funny, Hoo Hoo is not effective anymore either.","Stern's self-centeredness has made him unable to be funny, and Hoo Houn Ho'o has also lost his sense of humor."
"He did not die in Pulp Fiction, Basic, The Negotiator, XX, or the Incredibles.","He was not killed off in Pulp Fiction, Basic, The Negotiator, XX, or the Incredibles."
"If you take lessons, or purchase the book Guitar for Dummies.",Guitar for Dummies is a useful resource for those who learn guitar through lessons or online.
"If you receive their second album, I believe you should listen to tracks ten and fourteen.","I think you should listen to tracks ten and fourteen if you get their second album, I believe you do, assuming you receive their first album from them."
Walnuts or other soft shell nuts?,Can you provide information on Walnuts or other soft shell nuts?
I believe we should vote it the best right now.,"I think we should vote for it at this point, because I believe it is the best decision."
50 Cent is alive and rapping. Eminem is alive and retired. Tupac has passed away.,"Despite the death of Tupac, 50 Cent is still alive and rapping. Eminem is alive but retired."
It would be as if Benny Goodman and Louis Armstrong were playing together. It does not work.,Benny Goodman and Louis Armstrong would be playing side by side. It would feel like a team.
"The choices are both good, But in my opinion the genre Hip Hop is the better choice.","While the options are good, I think the one I'm missing is Hip Hop."
"When they got back on the phone, the guy on the other end says ""Okay, now what?""","""Of course,"" he says, as the guy on the other end of the line says to them, ""Oh, okay, so I'll have to wait until you're back on this phone."" The guy answers the phone again."
"And some of them are in here, as well.",Some of them are also present in this place.
"No, and I do not think that anyone will admit that they actually have met a person named Floyd Crammer.","No, and I doubt anyone will disclose that they have ever met Floyd Crammer, despite knowing the person."
Trent Reznor is a part of the band Nine Inch Nails.,"Trent Reznor is a member of the Nine Inch Nails, whose most recent album was titled ""One More Day"" and toured with him in 2005."
"Negative, none of this makes any sense.","None of this makes sense, bad enough. Negative."
Why not change the colors to black and white?,Can you consider changing the colors to black and white?
"I am unaware of that information, but for a 16 year old, he is highly attractive.","I have no knowledge of that, but he is incredibly attractive for a 16 year old."
It is a long period of time if I must wait until January.,"Waiting until January would be a considerable amount of time, and it is also proving to be an extended period of waiting."
"Weather or not he is homosexual, he is still the same Jim Morrison.","Regardless of his sexual orientation, he remains the Jim Morrison."
"Is it down by the sea, or under the board walk?","Is it below the boardwalk, or by the sea?"
She writes and produces her own music and it is always great.,"Her music is both written and produced by herself, and it is always excellent."
"You know, ""Does 'u' come before or after the 't' in that word?""","""Is the word 'u' preceding or following the monikers in the same word?"""
"Catch Me if You Can, Enemy of the States, and Executive Decision.","Catching Me if 'You Can, Catch Me If You Can Before You, Enemy of the States, and Executive Decision'."
It is time to vote now.,The time has come to vote now.
"The King of All Media will be on SIRIUS satellite radio on January 9th, 2006.","The SIRIUS satellite radio will broadcast The King of All Media on January 9th, 2006."
You should consider a PRS guitar.,A PRS guitar is a good choice for you.
My friend will be playing a musical show.,My friend will be performing a musical act.
The best option is to send them through the USPS.,Sending them through the USPS is the most suitable method.
This story is about a girl who cried so much it was as if her tears filled up the entire world.,The story is about a girl who cried so much that she felt like the entire world was filled with her tears.
The primary product of following what Chuck Norris does is pain.,"The following Chuck Norris is the equivalent of following the path he took, and the primary outcome is pain."
It does not look as if that is so.,It does not seem like that.
"I would not know, but maybe it is just being one.","I would not know, but maybe it is just being one."
You are right because she is one of the hottest.,You are correct because she is one of the most stunning.
"Currently, I am tempted to continue to believe it is Ashlee, although I hate Jessica because she absolutely ruined these boots.","Despite my hatred for Jessica's boots and her ruined boots, I am now inclined to believe it is Ashlee."
I have to say backstreet boys.,I have to imply backstreet boys.
I am going to get wasted and quit smoking.,I will be squandered and quit smoking.
I love extreme Makeover: Home Edition,"Extreme Makeover: Home Edition is my favorite, and I love it."
Bring me to live because of the lyrics.,"I've heard the words, ""Let's live because of the lyrics."""
To los weekenes ella sale a vacilar.,To los weekenes enriqueza a vacilar.
It means that man is just thinking about sex.,"Men are simply preoccupied with sexual thoughts, indicating a preoccupation with sex."
He has a girlfriend and she is Katie Cassidy.,He is romantically involved with Katie Cassidy.
"The lion turned to the left, for it was a shorter path.","The lion then turned to the left, as it was a shorter way."
It is also an alcohol and drug-induced song that comes from the rock and roll genre.,"Besides, it is a rock and roll song that is not categorized as psychedelic or drug-related, and it also deals with drug and alcohol use."
She needs to at least have a 34D size bust and an attractive body.,She should have a 34D size bust and aesthetically pleasing body.
"I do not know. 2) A craine, a chicken, or a duck.","I am uncertain. 3) A craine, a chicken, or squid."
To not be original and you can plagiarize.,Plagiarism is a form of plagiarism and it is not deemed original.
"Most likely, at www.lyricstop.com is where you will find the Anna Nalick Lyrics.","Anna Nalick Lyrics.com or www.lyricstop.ca and if that's not possible, Anna. Nalli."
I will be watching Earl and The Office.,Earl and The Office are on my mind as I watch Earl.
"The three, little, free pigs rejoiced and laughed.","The three, small, spirited pigs savored and merrily laughed."
Either you ear is bad or you need new strings.,Either you have a bad ear or you need new strings.
"The daughter, grandmother, and her granddaughter.","The daughter, grandmother, and her granddaughter."
I don't believe that Ashley Simpson is capable of singing well.,I doubt Ashley Simpson has the ability to sing well.
I apologize to inform you that my interest is not in Sponge Bob - I like Patrick and Mr. Crabs much more.,"I'd like to clarify that my preference for Sponge Bob is not the movie that I watch, but rather Patrick and Mr. Crabs."
There are many websites that are capable of doing this.,"Many websites are available that can do this, and they are."
Are you referring to the song by Lifehouse?,Is the song Lifehouse being played specifically?
I believe it happened during the second half of the movie Pretty Woman.,I recall it happened in the latter part of the Pretty Woman movie.
I can be agreeable with Gangsta Rap.,I've been a fan of Gangsta Rap.
I would suggest Munsters and Leave it to Beaver.,Munsters and Leave it to Beaver are the two options I would suggest.
"If one is searching for a great horror movie, I suggest The Exorcism of Emily Rose.",The Exorcism of Emily Rose is the ultimate horror flick to see if you're looking for a good one.
My choice would be The Pea In A Policeman's Whistle.,The Pea In A Policeman's Whistle is my preferred choice.
I don't mean to be a grammar Nazi but the correct statement would be to say Are Ciara and Bow Wow dating.,"I've heard that Ciara and Bow Wow are dating, and I don't want to be labeled as grammar geeks."
I thinkg that boy is very handsome.,"That's an extremely attractive boy, in my opinion."
I like this better.,I'll appreciate it if I can find this.
Yoda beat me to it but the answer is Adam's Ribs.,I was able to beat out (but not out) the Yoda but the answer is Adam's Ribs.
Rock 'n Roll is eternal.,Rock's Roll is a timeless style.
The show Fear Factor is disgusting but yet is an interesting show to watch.,"Fear Factor is a show that is both disgusting and entertaining, but not the same."
"Boy wow, hot oh my God. Hell yes.","I've been told to be on high alert, and the boy can't help but feel hot. Hell, no worries."
That's just what I like better.,That's the way my preference is.
Adam's Ribs. Yoda you beat me to it.,Adam's Ribs. I'm a gruel.
Rock and Roll will never die.,Rock and Roll will never cease to exist.
Fear Factor - gross bun fun to watch!,Fear Factor: A gross bun fun that should be watched!
That does not exist.,That is not a reality.
Is this not pop music?,Is this music not pop?
The writers conceptualized it.,The writers conceived of it.
I have not heard of them.,I have not come across any of them.
"Hey, Kong is not the same.","Unlike Kong, he's different."
I would like to ask it again.,"I want to rephrase it, could you please help me?"
You could have Jim Beam and something sour or soda.,You could have either Jim Beam and something sour or soda.
I like Bruce Alrighty.,Bruce Alrighties is one of my favorite comedians.
Do not listen to only your zodiac signs.,Listen to your zodiac signs.
"As someone else said, her old stuff wasn't so bad, but her new stuff sucks.","Her old stuff was okay, but her new stuff wasn't, as someone else stated."
"Dear Batman, I do not agree with you.","Dear Batman, I am not in agreement with you."
"Hey, at least they got paid.",At least they were paid.
"In my opinion, and that's all it is, the best rap album ever is Tupac's ' All Eyez on Me'.","Tupaz's'All Eyez on M' is widely regarded as the greatest rap album of all time, and that'll do it justice."
Didn't know that they came out.,Unbeknownst to me that they were coming out.
"As someone else said, her old material was passable, but her new material is not.","Her old material was acceptable, but her new material is not, as someone else stated."
"I am not in agreement with you, Batman.","Batman, I disagree with you on this issue."
At least they got paid.,They were at least compensated.
"It's my personal opinion that 2Pac's ""All Eyez On Me,"" is the best all-time rap album.","""All Eyes On My by 2Paa, also known as 2APac, is widely regarded as the best rap album of all time."
I didn't know that they came to visit.,I was unaware that their visit was to pay a visit.
I very much like the songs Dancing Queen and Mamma Mia.,I have a great affinity for the songs Dancing Queen and Mamma Mia.
"I am not sure why you would ask me, because I am older.  But because you did ask, my answer is Nelly.","I am not sure why you asked me, as I have grown older. However, since you did, my answer is Nelly."
That number refers to the 57 different items that Heinz produces.,"Heinz's production of 57 different products is referred to by that number, which translates to a total of the ties."
I truly feel that way because so many people have poor taste in music and I believe we are headed into a music dead generation.,"I think we are about to enter a music dead generation, because many people have messed up with music and become so tasteless."
Bertram Wooser is who I would rather he become again.,Bertram Wooser is the person I would prefer to be if he were to become one again.
"Triple H, Big Show, Shaun Michaels, Eddie Guarro, and the Undertaker is the lineup today.","Today's lineup includes Triple H, Big Show, Shaun Michaels, Eddie Guarro, and the Undertaker."
Are you a little obsessed with the Backstreet Boys currently?,Are you currently a big fan of the Backstreet Boys?
I assumed that Lil' Webbie was from Memphis?,Is it true that Lil' Webbie was born in Memphis?
"If the answers above are not to your liking, please delete the question or pick me.","In case you have any unfavorable remarks or doubts regarding the answers above, please delete the question or choose me."
"Though I haven't used Dish in quite a long time period, I believe they do as well.","I haven't had a dish from Dish in ages, but I think they do, which is reflected in their overall performance."
Not all music in the genre of rap is terrible.,"Rap music is not always terrible, but there are other genres that can be heard, such as rap posters, hip-hop tracks, and even dance music."
That particular bakery has wonderful frostings.,That bakery offers exceptional frostings.
"If you were but 20 years of age, would you be romantically attracted to a 14 year old boy?",Would you be willing to date a 14 year old boy if you were younger than 20 years old?
I envision that he has those tattoos from his days of youthful carefreeness.,"I believe he still has those tattoos from his days of being a kid, where oh so cherished."
"Up your butt, and around the corner.","To your rear, and just a few steps away."
"'Wind Beneath My Wings'.  Ohhhh, oh, oh, oh, ohhh.","'Wind Beneath My Wings'. Ohhhh, oh, I h.? Ohhhhhhhh... Those are the remark songs from the song."
I want some boy on boy action!,Can you please give me some boy on boy sex?
"Gohan is only half Saiyan, Goten is a quarter, and Vegeta is, like Goku, a full blooded Saiyan.","The difference in demeanor between Gohan and Goten is that Gotan is half Saiyan, Goh is a quarter Sayrian, and Vegeta is like Goku, albeit shaped more like 'Fully Sayed'."
None anymore. I gave up CD's for MP3 players.,I have no longer any music. I stopped using CD's and switched to MP3 players.
I did not find it to be offensive.,I found the insult not offensive.
The brown sugar was amazing.,"The brown sugar was fantastic, and I could eat it all day."
"If you click it, you might have to try one more time before it begins.","You may have to repeat the action after clicking it, as it may or may not start."
Donde estan los ladrones?,Qu significa la ley de las llamadas?
You should tell me why because I give up.,"I give you the ultimatum to explain why, because I'm giving up."
My children aged 3 and 4 love Dora.,"Dora is a beloved character in my home life, with my 3 and 4-year-old children having her."
"This is an easy problem, and I had seen this in a math class in grade 6 or 9.","I had seen this problem in a math class in grade 6 or 9, and I think it's comparatively easy."
"I don't remember the child's name, but remember the show the kid was in.","I have no memory of the child's name, but I can only recall the show the kid was a part of."
"I can't understand it, because they lost what they though they had.","I cannot fathom, because they lost what they believed they had."
"The strong is frustrating, but the pleasant side is easy to deal with.","The powerful is frustrating, but the pleasant side is easy to deal with."
It is a great production like Cowboy Behop and Evangelion.,"The likes of Cowboy, Behop, and Evangelion are among the great productions."
The tune looks like a T,The melody resembles a T-shirt-like composition.
How many times did he win the worlds sexiest man contest?,What was the number of times he won the world's sexiest man competition?
No one knows about his death or how he lived.,His death and how he lived remains a mystery to everyone.
She likes gasoline. (Give more more gasoline!),She has a liking for gasoline. (Give more gasoline!)
It is Chlroine color because it is a gas.,Chlorroine is the color of the same name as Chlronine because it is a result of halogenation.
You can download anything at www.limewire.com.,"Regardless of your download intent, you can download anything from www.limewire.com."
You can search for his name on most search engines.,His name can be found on most search engines.
There is a Volkswagon parked behind the building.,"Behind the building, there is a parking lot with ten parking spots for Volkswagon."
How much do you love gas? Give me more gas!,Gas is such a big deal to you? Give me more gas!
"Chlorine color, because it's a gas.","Chlorine color is a gas, hence it is not colorable."
"On Limewire.com, you can download anything.",Limewir.com provides downloads of any kind.
Type his name in on any (most) search engines.,Search for his name on any (most) search engines by typing it in.
answer : There's a Volkswagen parked out back.,Answer : A Volkswagen is parked outside.
"No, but I never considered becoming a prostitute.","I never entertained the idea of becoming a prostitute, even though I could."
Ain't No Mountain High Enough is by Marvin Gaye and Tammi Terrell.,Marvin Gaye and Tammi Terrell's Ain't No Mountain High Enough is the second book in a series by the Marly Gayettes and the duo Tammy Terrelly and Marvie.
"Maybe I am just getting older, but gratuitous nudity seems silly.","I feel like I am getting older, but the idea of gratuitous nudity is just not worth it."
Ipods are devices that allow you to watch podcasts or movies on its screen.,Iphones are mobile devices that enable you to listen to podcasts or movies on its display.
Sarah Conner Island is about the craziest fans of Sarah Conner.,Sarah Conner Island is centered on the most crazy followers of Sarah.
"""Ah Woe, Ah Me,"" is by the Kingston Trio.","The Kingston Trio's ""Ah Woe, Ah Me"" is the track they released with ""Child to the Core"", a song written by the Tribe."
Limewire provides a decent P2P service.,Limewir offers a satisfactory P2P service.
"If I had to choose between the two, even though I do not prefer either, I would choose Chris Brown.","Chris Brown is my preferred choice if I were to pick one, even though I do not have a preference for either."
"Anyway, it is an excellent song.","Despite everything, it's a fantastic song."
"""That's Good People,"" is a song by Jack Johnson.","Jack Johnson's ""That'll Good People"" is a song."
Black Sabbath is the original and best.,The original and best is Black Sabbath.
We do not like to read subtitles.,Our preference is not to read subtitles.
It is probably a rumor.,It is likely that it is a rumor.
She is not Aaliyah or nothing like that.,She is not like Aaliyah or any other similar character.
Good luck to your beginner drummer.,"Greetings to your inexperienced drummer, good luck."
I wish they could find a way to reunite because they made beautiful music together.,"I wish they could reunite as they made music that was truly beautiful, and I hope they do because they have made it a part of it."
I find that those who have taught themselves the magic of playing guitar possess more skill than those that read music.,Those who have honed in on playing guitar through self-taught methods are more proficient than those who can read music.
I know his moniker is Dickie.,I understand that his nickname is Dickie.
"They have been ranglin in the area of Lagona as well as sierra soux, and it appears they are kicking out down int he doheny are","They have been ranglin in the Lagona region and Sierra Soux, and it appears they are settling in He Doheny."
She is five feet and ten and a half inches in height.,"She is five and a half inches tall, measuring five feet and 10 and half."
Has anyone mentioned 'Abs Fab' yet?,"Has anyone heard of 'Abs Fab' and if so, have they done it?"
It is sad that you cannot name a movie without asterisks.,The use of asterisks in movies makes it a bit of an uphill battle to name if you can even name it.
"I was going to say none of them, but I will go check now.","I was about to declare none of them, but I will verify now."
You need to work it out.,You must work it out.
"The girls who respond to Andre when he says ""hey ladies"" are actually one person.","Andre's reply of ""hey ladies"" to the girls is a collective response to one person."
Suddenly they became angrier.,They suddenly grew more angrier.
It is on after the show airs or you can find it on MTV.,"After the show starts, it can be aired on MTV or you can watch it on the MTL station."
The highest ranking anime fighting can be found in the popular Dragon Ball Z,"Dragon Ball Z is the most highly regarded anime fighting series, presenting it with the highest-quality fights."
I do not enjoy the genre of westerns.,I have a dislike for westerns.
"If you are looking to find free music without breaking any laws or regulations, you should look into multimedia-search.com",Free and legal free music search.com multimedia-search.Com is the best site for free free musical music searching.
Mamita yo se que tu no te me va a quitar.,"Mamita, me interesse en qualquer empleo l acab de trabajar como quiero."
I love the show.,I have a strong liking for the show.
It says about 95 minutes.,The duration of the recording is approximately 95 minutes.
Jackie Chan is with Chris Tucker in Rush Hour 1 and 2.,"Jackie Chan and Chris Tucker appear together on Rush Hour 1 and 2, with Chan coming to the aid of Chris."
You should go to one of their concerts.,Attending one of their concerts is highly recommended.
"If you would like to star in adult films, then yes.","Yes, if you want to be a part of the adult film industry, then you have the chance."
Is it love or just a heart?,Is it love or a heart?
Jamia is her name I believe.,"Her name is Jamia, I think."
Spongbob Squarepants is a good show.,"A good show is Spongbob Squarepants, which is a good one."
I believe King Kong or Cheaper By the Dozen Two.,I'll probably opt for King Kong or Cheaper By the Dozen Two.
You could purchase them at www.amazon.com.,You can find them at www.amazon.com.
